"site","dataset","flux_method","latitude","longitude","num.months","num.years","start_year","end_year","Flux","co2.yearround","ch4.yearround","mir","ndwi","ndvi_sum","ndvi_max","evi","MeanTemp","WarmestQuarter","ColdestQuarter","Precip","WettestMonth","DriestMonth","PrecipitationSeasonality","WettestQuarter","DriestQuarter","PrecipWarmestQuarter","PrecipColdestQuarter","MeanDiurnalRange","Isothermality","TempSeasonality","MaxTempWarmestMonth","MinTempColdestMonth","TempAnnualRange","MeanTempWettestQuarter","MeanTempDriestQuarter","UiO_PEX_PERPROB_5.0_20181128_2000_2016_NH","bd_100_agg","ph0_100","OCSTHA_M_100cm_1km_ll","soc0_100","sand_100_agg","silt_100_agg","clay_100_agg","x","y"
"ARM-NSA-Barrow","Terrestrial","EC",71.323,-156.609,110,10,"2011","2020","CO2 and CH4","Y","Y",0.0930500030517578,0.315012872219086,2.25662994384766,0.656069993972778,0.34595000743866,-11.908332824707,3.78333330154419,-26.216667175293,107,27,3,84.1999893188477,65,9,56,9,6,15.4639177322388,1270.62414550781,8.30000019073486,-30.5,38.7999992370605,3.31666660308838,-26.216667175293,1,0.853749990463257,5.9225001335144,842,599.700012207031,48.5499992370605,32.5750007629395,18.8999996185303,-812562.543606987,1878530.7727201
"ARM-NSA-Oliktok","Terrestrial","EC",70.495,-149.886,80,8,"2014","2021","CO2 and CH4","Y","N",0.087909996509552,0.227807849645615,1.79982006549835,0.537150025367737,0.25543999671936,-11.6875,5.29999971389771,-27.6166667938232,144,35,3,73.122917175293,74,13,74,13,5.70833349227905,13.4948778152466,1382.32043457031,10.1000003814697,-32.2000007629395,42.3000030517578,5.29999971389771,-27.6166667938232,1,0.800724983215332,6.6875,683,500.875,48.6500015258789,31.875,20.1499996185303,-1073256.63384397,1850422.61469148
"Abisko Stordalen birch forest","Terrestrial","EC",68.347939,19.049769,30,3,"2021","2023","CO2","Y","N",0.0630199983716011,0.328344851732254,3.43367004394531,0.73769998550415,0.413569986820221,-0.858333349227905,10.5666666030884,-11.2333335876465,371,62,15,42.3626556396484,144,53,144,79,8.18333339691162,24.7230606079102,884.592468261719,16.5,-16.6000003814697,33.0999984741211,10.5666666030884,-2.09999990463257,0.0013607278233394,1.20280003547668,6.18249988555908,376,380.600006103516,57.1749992370605,34.8250007629395,8.375,776748.050102546,-2249490.65111819
"Adventdalen","Terrestrial","EC",78.186,15.923,48,4,"2012","2015","CO2","Y","N",0.0873600021004677,0.0998821631073952,1.39756000041962,0.439399987459183,0.197219997644424,-5.52083349227905,5.03333330154419,-14.0833330154419,308,34,15,19.8001384735107,95,55,87,78,5.49166679382324,20.339506149292,793.938537597656,8.60000038146973,-18.3999996185303,27,4.20000028610229,-3.48333334922791,0.937373280525208,1.20017504692078,6.92999982833862,443,455.075012207031,49.125,34.7750015258789,16.0249996185303,353357.615492912,-1238584.26746953
"Alberta - Western Peatland - LaBiche River,Black Spruce,Larch Fen","Terrestrial","EC",54.95384,-112.46698,73,7,"2003","2009","CO2","Y","N",0.046730000525713,0.355921119451523,6.09844017028809,0.768880009651184,0.414900004863739,0.941666662693024,14.9333333969116,-15.5666666030884,485,97,15,67.8049163818359,245,56,245,60,12.3666667938232,25.9803924560547,1249.92700195312,22.5,-25.1000003814697,47.5999984741211,14.9333333969116,-12.7333335876465,0,1.31130003929138,6.35750007629395,228,114.650001525879,57.0999984741211,23,20.4750003814697,-3628381.4822167,1500475.56963536
"Alberta - Western Peatland - Poor Fen (Sphagnum moss)","Terrestrial","EC",55.5375,-112.3343,32,3,"2004","2006","CO2","N","N",0.0606900006532669,0.38774237036705,5.70965003967285,0.754059970378876,0.454549998044968,-0.220833212137222,13.8500003814697,-16.466667175293,503,99,17,65.3671112060547,251,61,251,63,12.0416669845581,25.3508777618408,1242.07568359375,21.2000007629395,-26.2999992370605,47.5,13.8500003814697,-13.9166660308838,0.0925193950533867,1.31442499160767,6.02750015258789,218,134.399993896484,50.3250007629395,28.7749996185303,21.25,-3567660.68076235,1465699.91726704
"Alberta - Western Peatland - Rich Fen  (Carex)","Terrestrial","EC",54.47,-113.32,32,3,"2004","2006","CO2","N","N",0.0377699993550777,0.183945834636688,4.94562005996704,0.794439971446991,0.418500006198883,1.48749995231628,14.5833330154419,-13.4333333969116,494,94,19,66.4788360595703,253,64,253,66,11.6416664123535,26.8241176605225,1149.13830566406,21.7999992370605,-21.6000003814697,43.4000015258789,14.5833330154419,-4.71666669845581,0,1.35792505741119,6.21750020980835,223,116.449996948242,46.7000007629395,29.8999996185303,23.0499992370605,-3658616.01106423,1577163.18054859
"Anaktuvuk River Moderate Burn","Terrestrial","EC",68.95,-150.21,47,16,"2008","2023","CO2","N","N",0.0895000025629997,0.344711363315582,2.95952987670898,0.708599984645844,0.45320999622345,-9.67500019073486,9.26666641235352,-25.1666660308838,213,45,8,62.0355072021484,102,26,102,30,9.69999980926514,20.8602142333984,1442.06372070312,16,-30.5,46.5,9.26666641235352,-21.1499996185303,1,0.847750008106232,5.61749982833862,872,602.5,24.6499996185303,51.0999984741211,24.5249996185303,-1148739.13078121,2006623.60805389
"Anaktuvuk River Severe Burn","Terrestrial","EC",68.99,-150.28,47,16,"2008","2023","CO2","N","N",0.0943000018596649,0.318361401557922,2.78680992126465,0.721560001373291,0.476119995117188,-9.63749980926514,9.33333396911621,-25.216667175293,211,45,7,63.0667266845703,102,24,101,29,9.72500038146973,20.8244113922119,1448.14794921875,16.1000003814697,-30.6000003814697,46.7000007629395,6.90000009536743,-21.1666660308838,1,0.850450038909912,5.88749980926514,838,567.825012207031,25.1749992370605,48.5750007629395,26.2749996185303,-1144060.79398947,2004126.2577951
"Anaktuvuk River Unburned","Terrestrial","EC",69.93,-150.27,47,16,"2008","2023","CO2","N","N",0.114610001444817,0.166908398270607,2.13364005088806,0.565989971160889,0.316540002822876,-10.6583337783813,7.44999980926514,-26.533332824707,169,38,5,64.8639373779297,82,19,82,19,7.66666650772095,17.0749816894531,1410.03845214844,13.8999996185303,-31,44.9000015258789,7.44999980926514,-26.533332824707,1,0.827425003051758,6.59749984741211,836,618.474975585938,34.4749984741211,45.0499992370605,20.9249992370605,-1092163.92005658,1912439.77380274
"Andoya","Terrestrial","EC",69.14278,16.02222,77,7,"2008","2014","CO2","Y","N",0.106020003557205,0.361516565084457,4.33265018463135,0.702239990234375,0.447539985179901,3.75416660308838,10.8166666030884,-1.83333337306976,1205,163,57,30.5321292877197,411,190,216,353,5.15833330154419,26.8663196563721,530.871765136719,14.3999996185303,-4.80000019073486,19.2000007629395,1.13333332538605,8.81666660308838,0,1.17084991931915,5.74499988555908,686,458.774993896484,66.5500030517578,25.1000003814697,9,632211.712568266,-2201561.55068654
"Atqasuk","Terrestrial","EC",70.4696,-157.4089,177,16,"2003","2022","CO2 and CH4","Y","Y",0.0827500000596046,0.259248852729797,2.23724007606506,0.568509995937347,0.271760016679764,-10.6499996185303,6.76666688919067,-25.6666660308838,133,32,4,75.8871459960938,75,14,64,17,7.18333339691162,16.6280860900879,1370.29028320312,12.6000003814697,-30.6000003814697,43.2000007629395,5.61666679382324,-22.75,1,1.06235003471375,5.8600001335144,812,496.799987792969,62.5250015258789,24.5499992370605,13.6750001907349,-822847.139743968,1977629.0921808
"Attawapiskat River Bog","Terrestrial","EC",52.695,-83.9452,56,5,"2011","2015","CO2","Y","N",0.0694300010800362,0.367788732051849,4.08538007736206,0.665160000324249,0.365109980106354,-1.96249973773956,14.25,-20.1666660308838,626,92,25,44.6743698120117,249,83,249,97,11.875,23.1481475830078,1403.47473144531,22.7000007629395,-28.6000003814697,51.3000030517578,14.25,-12.4333333969116,0.111871622502804,0.954525053501129,5.23999977111816,1369,350.100006103516,47.6500015258789,28.3250007629395,24.4750003814697,-4173615.57121426,-442700.991741474
"Attawapiskat River Fen","Terrestrial","EC",52.7008,-83.955,57,5,"2011","2015","CO2","Y","N",0.0568500012159348,0.356344193220139,4.6274299621582,0.745999991893768,0.383240014314651,-1.96666646003723,14.25,-20.1833324432373,620,92,24,45.1021270751953,249,81,249,97,11.8833332061768,23.1193256378174,1404.08544921875,22.7999992370605,-28.6000003814697,51.4000015258789,14.25,-12.4333333969116,0.155951246619225,0.929974973201752,5.23000001907349,1233,347.75,50.4249992370605,28.2250003814697,21.8999996185303,-4172995.83715221,-441913.479549971
"Barrow-BEO","Terrestrial","EC",71.2810016,-156.6258806,92,10,"2013","2022","CO2 and CH4","Y","Y",0.0979800000786781,0.288321226835251,2.31783008575439,0.644580006599426,0.364300012588501,-11.9708337783813,4.40000009536743,-26.4833335876465,109,27,3,84.3063583374023,67,9,55,10,6.09166622161865,15.2291660308838,1306.93505859375,9.19999980926514,-30.7999992370605,40,3.63333320617676,-26,1,0.560974955558777,6.22249984741211,774,629.150024414062,49.0750007629395,31.3500003814697,20.0249996185303,-813866.558581813,1883067.86016682
"Barrow-BES","Terrestrial","EC",71.280881,-156.596467,106,12,"2005","2022","CO2 and CH4","Y","Y",0.0996700003743172,0.280590623617172,2.30155992507935,0.633840024471283,0.346029996871948,-12.0124998092651,4.48333358764648,-26.6333332061768,109,27,3,84.6239318847656,67,9,56,10,6.09166669845581,15.1533994674683,1316.12231445312,9.30000019073486,-30.8999996185303,40.2000007629395,3.68333339691162,-26.1499996185303,1,0.582724988460541,6.1100001335144,825,616.974975585938,49.5999984741211,32.5499992370605,18.6749992370605,-814838.491401643,1882662.1413134
"Barrow-CMDL","Terrestrial","EC",71.3225689814815,-156.609181481481,108,10,"2013","2022","CO2 and CH4","Y","Y",0.0930500030517578,0.315012872219086,2.25662994384766,0.656069993972778,0.34595000743866,-11.908332824707,3.78333330154419,-26.216667175293,107,27,3,84.1999893188477,65,9,56,9,6,15.4639177322388,1270.62414550781,8.30000019073486,-30.5,38.7999992370605,3.31666660308838,-26.216667175293,1,0.853749990463257,5.9225001335144,842,599.700012207031,48.5499992370605,32.5750007629395,18.8999996185303,-812575.668313871,1878577.4452538
"Bayelva, Spitsbergen","Terrestrial","EC",78.9216167142857,11.8310571428571,28,3,"2008","2015","CO2","Y","N",0.133019998669624,0.0201836191117764,0.809769988059998,0.320179998874664,0.137620002031326,-6.18333339691162,3.36666655540466,-14.0500001907349,419,49,18,28.6274013519287,130,64,85,121,5.80000019073486,23.0158729553223,725.196960449219,6.5,-18.7000007629395,25.2000007629395,-4.98333311080933,0.783333301544189,1,1.07972502708435,6.76249980926514,415,288.625,54.5250015258789,34.2249984741211,11.8000001907349,247529.854193756,-1181658.42521093
"Bernard spruce-moss valley","Terrestrial","EC",50.9020996,-63.4051018,63,7,"2018","2024","CO2 and CH4","Y","Y",0.0472300015389919,0.44742077589035,6.59521007537842,0.776139974594116,0.350059986114502,-0.404166668653488,12.6833333969116,-14.5500001907349,1043,113,50,24.208854675293,326,172,311,210,9.27499961853027,22.7886981964111,1100.06909179688,18.7999992370605,-21.8999996185303,40.6999969482422,8.13333320617676,-8.58333301544189,0,1.19027507305145,5.16499996185303,433,204.649993896484,63.625,28.125,8.32499980926514,-3947262.74300635,-1976202.34504593
"Bonanza Creek Black Spruce","Terrestrial","EC",64.69635,-148.323525,115,10,"2010","2021","CO2 and CH4","Y","N",0.0475899986922741,0.392520278692245,5.13373994827271,0.791100025177002,0.424549996852875,-2.57916665077209,14.716667175293,-19.8999996185303,292,50,6,57.4581184387207,136,28,136,47,11.3583335876465,23.1802730560303,1435.11401367188,22.6000003814697,-26.3999996185303,49,14.716667175293,-10.0833330154419,0.248609289526939,1.23327505588531,6.44000005722046,481,245.149993896484,22.9249992370605,66.5,11.1750001907349,-1466704.32816956,2376979.11560686
"Bonanza Creek Old Thermokarst Bog","Terrestrial","EC",64.6936,-148.33,45,4,"2018","2021","CO2","Y","N",0.0475899986922741,0.392520278692245,5.13373994827271,0.791100025177002,0.424549996852875,-2.50416684150696,14.7333335876465,-19.716667175293,294,50,6,58.0098190307617,138,28,138,47,11.341667175293,23.2411193847656,1428.33740234375,22.6000003814697,-26.2000007629395,48.8000030517578,14.7333335876465,-9.94999980926514,0.22712342441082,1.24407494068146,6.41750001907349,407,223.774993896484,22.4750003814697,68.3499984741211,10.0249996185303,-1466600.16776442,2377411.46704054
"Bonanza Creek Rich Fen","Terrestrial","EC",64.7013,-148.3121,116,10,"2011","2021","CO2 and CH4","Y","N",0.048980001360178,0.413119345903397,5.82096004486084,0.813889980316162,0.443470001220703,-2.63750004768372,14.6833333969116,-19.9833335876465,294,50,7,57.2089767456055,137,29,137,47,11.3583335876465,23.1802730560303,1436.73889160156,22.5,-26.5,49,14.6833333969116,-10.1500005722046,0.352081686258316,1.25130009651184,6.33750009536743,389,219.600006103516,23.9249992370605,67.7249984741211,9.125,-1466882.08346503,2376206.7956679
"Bonanza Creek Thermokarst Bog","Terrestrial","EC",64.69555,-148.3208,120,10,"2011","2021","CO2 and CH4","Y","N",0.0475899986922741,0.392520278692245,5.13373994827271,0.791100025177002,0.424549996852875,-2.57916665077209,14.716667175293,-19.8999996185303,292,50,6,57.4581184387207,136,28,136,47,11.3583335876465,23.1802730560303,1435.11401367188,22.6000003814697,-26.3999996185303,49,14.716667175293,-10.0833330154419,0.248609289526939,1.23327505588531,6.44000005722046,481,245.149993896484,22.9249992370605,66.5,11.1750001907349,-1466865.23470693,2376986.90867623
"Bouleau peatland","Terrestrial","EC",50.5204001724138,-63.2030896551724,29,3,"2018","2020","CO2 and CH4","Y","N",0.0635899975895882,0.36459892988205,5.03259992599487,0.738420009613037,0.449999988079071,0.850000023841858,13.8000001907349,-13.1666669845581,1030,110,47,24.4388389587402,316,165,303,206,9.21666717529297,22.9270305633545,1091.76257324219,19.7000007629395,-20.5,40.2000007629395,9.46666717529297,-7.46666669845581,0,1.29349994659424,5.4850001335144,345,210.524993896484,56.625,32.6749992370605,10.6999998092651,-3981830.58967297,-2011097.86303039
"Cambridge Bay - Mesic","Terrestrial","EC",69.22212778,-104.8985861,5,1,"2022","2022","CO2","N","N",0.0946199968457222,0.102241046726704,1.50689995288849,0.489430010318756,0.216130003333092,-13.9791669845581,6.15000009536743,-31.5833339691162,131,26,4,58.8456077575684,62,14,56,14,6.97499990463257,14.3223819732666,1584.52233886719,12.3999996185303,-36.2999992370605,48.6999969482422,5.36666679382324,-31.5833339691162,1,0.976275026798248,7.34250020980835,962,534.974975585938,38.9500007629395,38.4500007629395,23.7999992370605,-2204934.26497077,586629.381624458
"Cape Bounty","Terrestrial","EC",74.915,-109.574,12,7,"2008","2018","CO2","N","N",0.149849995970726,0.0702599287033081,1.28278005123138,0.439240008592606,0.22766999900341,-17.125,2.18333339691162,-33.0166664123535,80,17,2,70.2045745849609,44,7,39,7,6.13333320617676,13.7211036682129,1471.25415039062,7.40000009536743,-37.2999992370605,44.7000007629395,0.700000047683716,-33.0166664123535,1,1.03742504119873,6.90999984741211,482,326.475006103516,51.2249984741211,32.3250007629395,16.875,-1552924.62926795,552177.667911303
"Cascaden Ridge Fire Scar","Terrestrial","EC",65.396775,-149.121493941667,48,4,"2011","2014","CO2","Y","N",0.0532400012016296,0.364351123571396,4.04079008102417,0.731970012187958,0.341899991035461,-4.41249990463257,13.4666662216187,-21.2666664123535,300,58,7,68.6063537597656,156,28,156,44,10.7916669845581,22.114070892334,1440.58557128906,21.7999992370605,-27,48.7999992370605,13.4666662216187,-12.9833335876465,0.766467332839966,0.979650020599365,5.92749977111816,660,318.799987792969,37.9749984741211,50.7750015258789,11.8249998092651,-1392563.47629648,2328786.13731431
"Central Marsh","Terrestrial","EC",71.32019,-156.62227,80,7,"1999","2005","CO2 and CH4","Y","N",0.088919997215271,0.352324932813644,2.33015012741089,0.668079972267151,0.369489997625351,-11.8874998092651,3.78333330154419,-26.1833324432373,107,27,3,84.1999893188477,65,9,56,9,5.99166679382324,15.442440032959,1269.2841796875,8.30000019073486,-30.5,38.7999992370605,3.31666660308838,-26.1833324432373,1,0.823650002479553,6.08500003814697,868,592.849975585938,48.9749984741211,32.2249984741211,19.25,-812251.736513835,1879006.44487942
"Cherskii disturbed forest","Terrestrial","EC",68.69808,161.538781,31,3,"2013","2015","CO2","N","N",0.0581200011074543,0.104922011494637,2.94590997695923,0.734380006790161,0.337949991226196,-11.6208333969116,10.3000001907349,-32.0666656494141,169,31,6,58.4478073120117,82,20,75,24,8.74166679382324,15.9811096191406,1755.83374023438,17.8999996185303,-36.7999992370605,54.6999969482422,7.76666641235352,-13.6666660308838,1,1.34817504882812,6.29250001907349,514,278.5,24.7000007629395,59.7249984741211,16.1499996185303,741137.190141281,2220018.11583506
"Cherskii ecotone","Terrestrial","EC",68.51351,161.53115,36,3,"2012","2015","CO2","Y","N",0.0532299987971783,0.128124475479126,3.09782004356384,0.764970004558563,0.345930010080338,-11.4333333969116,10.6666669845581,-32.1666679382324,169,32,5,60.859260559082,83,18,78,25,8.93333339691162,16.1543102264404,1773.85852050781,18.2999992370605,-37,55.2999992370605,8.09999942779541,-13.3166666030884,1,1.30305004119873,6.08500003814697,518,283.149993896484,33.4749984741211,50.7999992370605,16.3500003814697,748003.486150907,2239592.45957054
"Cherskii reference","Terrestrial","EC",68.61689,161.35089,102,9,"2013","2021","CO2 and CH4","Y","Y",0.0799100026488304,0.129202112555504,2.91075992584229,0.727190017700195,0.417780011892319,-11.5375003814697,10.7666664123535,-32.4333343505859,172,31,6,55.7101974487305,81,21,76,26,8.85833358764648,15.9036512374878,1788.62707519531,18.3999996185303,-37.2999992370605,55.6999969482422,8.16666698455811,-13.5333337783813,1,1.22702503204346,6.05249977111816,797,471.524993896484,29.3500003814697,52.6500015258789,17.7999992370605,751330.403155027,2226219.14035094
"Churchill Fen 3","Terrestrial","EC",58.6658,-93.8304,28,3,"2022","2024","CO2 and CH4","Y","Y",0.0752599984407425,0.240789011120796,2.77659010887146,0.611389994621277,0.285369992256165,-6.67499971389771,11.4499998092651,-25.283332824707,418,69,14,54.8392677307129,186,46,164,51,8.69999980926514,17.2962226867676,1507.46704101562,19.1000003814697,-31.2000007629395,50.3000030517578,10.8833332061768,-18.216667175293,0.824620127677917,1.12865006923676,5.4850001335144,1401,457.200012207031,46.8250007629395,31.8999996185303,21.2749996185303,-3480787.14851709,233048.67674602
"Churchill Fen Site 1","Terrestrial","EC",58.6658,-93.83,24,2,"2007","2008","CO2","N","N",0.0752599984407425,0.240789011120796,2.77659010887146,0.611389994621277,0.285369992256165,-6.67499971389771,11.4499998092651,-25.283332824707,418,69,14,54.8392677307129,186,46,164,51,8.69999980926514,17.2962226867676,1507.46704101562,19.1000003814697,-31.2000007629395,50.3000030517578,10.8833332061768,-18.216667175293,0.824620127677917,1.12865006923676,5.4850001335144,1401,457.200012207031,46.8250007629395,31.8999996185303,21.2749996185303,-3480788.77541895,233024.376261821
"Churchill Fen Site 2","Terrestrial","EC",58.6658,-93.83,18,4,"2008","2011","CH4","N","N",0.0752599984407425,0.240789011120796,2.77659010887146,0.611389994621277,0.285369992256165,-6.67499971389771,11.4499998092651,-25.283332824707,418,69,14,54.8392677307129,186,46,164,51,8.69999980926514,17.2962226867676,1507.46704101562,19.1000003814697,-31.2000007629395,50.3000030517578,10.8833332061768,-18.216667175293,0.824620127677917,1.12865006923676,5.4850001335144,1401,457.200012207031,46.8250007629395,31.8999996185303,21.2749996185303,-3480788.77541895,233024.376261821
"Council Alaska Tundra","Terrestrial","EC",64.8618,-163.7002,1,1,"2024","2024","CO2 and CH4","N","N",0.0726599991321564,0.29859271645546,3.5160698890686,0.730289995670319,0.455900013446808,-3.05416679382324,11.0166664123535,-14.8833332061768,413,88,16,64.2450485229492,205,50,162,67,9.24166679382324,24.3843460083008,1082.57360839844,17.5,-20.3999996185303,37.9000015258789,9.68333339691162,-6.48333358764648,0.358230769634247,0.91557502746582,5.32000017166138,833,484.149993896484,41.4000015258789,46.7249984741211,12.8000001907349,-778624.966558487,2662724.23307069
"Council, Alaska","Terrestrial","EC",64.8439,-163.7105,26,8,"2014","2023","CO2","N","N",0.0887700021266937,0.27231353521347,3.56835007667542,0.734179973602295,0.480199992656708,-3.08750009536743,10.8833332061768,-14.7999992370605,414,89,16,64.6884460449219,206,50,163,67,9.20833301544189,24.4902496337891,1074.7412109375,17.2999992370605,-20.2999992370605,37.5999984741211,9.56666660308838,-6.53333330154419,0.334273934364319,0.817924976348877,5.20499992370605,812,573.849975585938,42.2750015258789,45.9249992370605,11.8000001907349,-778717.876937937,2664820.20592363
"Daring Lake","Terrestrial","EC",64.8684696969697,-111.5844,99,12,"2004","2015","CO2","N","N",0.0827199965715408,0.297135353088379,2.25891995429993,0.605509996414185,0.289920002222061,-9.52083301544189,9.39999961853027,-26.7666664123535,250,43,9,51.8491706848145,109,31,104,34,6.62499952316284,13.9767932891846,1509.59729003906,15.6000003814697,-31.7999992370605,47.4000015258789,8.39999961853027,-26.4500007629395,0.999658167362213,1.22282493114471,5.55499982833862,382,268.450012207031,55.5250015258789,33.4749984741211,11,-2578986.59592513,1020280.85729187
"Degero","Terrestrial","EC",64.18203,19.55654,276,23,"2001","2023","CO2 and CH4","Y","Y",0.0624600015580654,0.4443678855896,4.97084999084473,0.726899981498718,0.419039994478226,1.72083330154419,13.2333335876465,-9.16666698455811,620,81,32,31.8165683746338,223,102,214,117,8.84166622161865,26.3144836425781,904.58544921875,19.7999992370605,-13.8000001907349,33.5999984741211,11.6666660308838,-4.51666688919067,0,1.23947501182556,5.07499980926514,595,514.325012207031,60.7249984741211,31.9249992370605,7.77500009536743,954575.024258398,-2687206.38628396
"Delta Junction  evergreen conifer forest","Terrestrial","EC",63.88805556,-145.7394444,3,3,"2002","2004","CO2","N","N",0.0633800029754639,0.323813229799271,4.38434982299805,0.69648003578186,0.367509990930557,-3.09583330154419,13.2666664123535,-18.5,288,66,4,91.6594467163086,180,18,180,27,10.7916669845581,23.9283065795898,1318.21936035156,21.1000003814697,-24,45.0999984741211,13.2666664123535,-10.1166667938232,0.200642317533493,1.25912499427795,5.9850001335144,438,285.274993896484,51.3499984741211,43.75,5.59999990463257,-1624294.70173243,2384651.81645813
"Delta Junction deciduous broadleaf forest","Terrestrial","EC",63.90111111,-145.3730556,3,3,"2002","2004","CO2","N","N",0.061659999191761,0.29322075843811,4.80791997909546,0.735620021820068,0.391319990158081,-3.02083325386047,13.6000003814697,-19.466667175293,272,61,4,87.0301971435547,165,18,165,27,12.6583337783813,26.1535797119141,1365.71569824219,22.2000007629395,-26.2000007629395,48.4000015258789,13.6000003814697,-10.0999994277954,0.170359417796135,1.26269996166229,6.32000017166138,205,173.824996948242,40.625,51.2249984741211,8.82499980926514,-1638662.81930895,2372988.72224778
"Disko","Terrestrial","EC",69.25349,-53.51413,107,10,"2012","2023","CO2","Y","N",0.121710002422333,0.117981925606728,2.30589008331299,0.599399983882904,0.289909988641739,-5.66249990463257,5.98333358764648,-17.1499996185303,416,59,15,38.8190689086914,150,57,136,57,5.52500009536743,17.05246925354,927.974670410156,11.1000003814697,-21.2999992370605,32.4000015258789,5.38333320617676,-17.1499996185303,0.699013411998749,1.02740001678467,6.27500009536743,530,338.299987792969,59,25.1000003814697,17,-1831616.4876588,-1354626.00146369
"Eight Mile Lake","Terrestrial","EC",63.8784,-149.2536,188,17,"2008","2024","CO2 and CH4","Y","Y",0.0817300006747246,0.312676519155502,3.83101987838745,0.760550022125244,0.496969997882843,-3.40833353996277,11.9666662216187,-17.1333332061768,421,79,15,63.3232612609863,211,52,211,57,11.2833337783813,26.301477432251,1213.69799804688,19.7999992370605,-23.1000003814697,42.9000015258789,11.9666662216187,-10.5833339691162,0.495534062385559,1.08749997615814,5.48999977111816,596,413.5,37.5750007629395,50.0750007629395,12.3500003814697,-1475637.02194291,2480677.54029547
"Elgeeii forest station","Terrestrial","EC",60.01551563,133.8240123,108,9,"2010","2018","CO2","N","N",0.048650000244379,0.257276505231857,4.66475009918213,0.832750022411346,0.452030003070831,-9.08749961853027,15.8000001907349,-36.5499992370605,324,56,8,63.4871025085449,154,28,154,31,12.2083339691162,18.0596656799316,2158.75390625,24.8999996185303,-42.7000007629395,67.5999984741211,15.8000001907349,-30.8500003814697,1,1.39740002155304,6.70749998092651,523,318.850006103516,27.75,45.6749992370605,26.8500003814697,2403456.33892247,2306766.11709271
"Faejemyr","Terrestrial","EC",56.2655,13.5535,53,5,"2005","2009","CO2","Y","N",0.0707900002598763,0.337524682283401,7.8134298324585,0.79558002948761,0.500680029392242,6.59583330154419,14.8166666030884,-0.999999940395355,917,97,50,20.9983654022217,280,170,233,239,7.47499990463257,30.2631568908691,647.089477539062,20.5,-4.19999980926514,24.7000007629395,3.40000009536743,5.48333311080933,0,1.30469989776611,4.7975001335144,457,309.149993896484,74.9749984741211,19.3500003814697,6.09999990463257,883686.988405755,-3665738.70802387
"Finse west","Terrestrial","EC",60.11,7.53,36,3,"2019","2021","CO2","Y","N",0.144889995455742,0.232914969325066,1.97592997550964,0.560670018196106,0.32820999622345,-1.27916669845581,7.81666660308838,-8.86666679382324,1202,134,51,26.0224494934082,379,199,292,303,6.29166698455811,25.0664005279541,693.706970214844,12.5,-12.6000003814697,25.1000003814697,-0.483333319425583,1.24999988079071,0.00360370241105556,1.17290008068085,5.46500015258789,479,466.100006103516,62.4000015258789,30.7749996185303,7.34999990463257,435117.604590054,-3291726.88861559
"Fish Island","Terrestrial","EC",69.37227778,-134.8810889,3,1,"2017","2017","CO2 and CH4","N","N",0.0726400017738342,0.183141097426414,1.90634000301361,0.545140027999878,0.237560003995895,-10.3499994277954,9.76666641235352,-27.6833324432373,206,39,7,58.4360542297363,95,22,89,26,7.11666679382324,13.6073932647705,1574.72937011719,16.2000007629395,-36.0999984741211,52.2999992370605,8.16666698455811,-22.1000003814697,1,1.12752497196198,6.12249994277954,1111,878.174987792969,38.4749984741211,40.9000015258789,21.2000007629395,-1604775.93356877,1598128.64720749
"Flakaliden","Terrestrial","EC",64.1127777930097,19.4569444093204,103,9,"1996","2009","CO2","Y","N",0.034000001847744,0.531273245811462,6.68215990066528,0.822740018367767,0.439520001411438,1.77916657924652,13.1166667938232,-8.83333301544189,642,85,32,32.7623481750488,232,104,221,120,8.57499980926514,26.1432933807373,886.757263183594,19.5,-13.3000001907349,32.7999992370605,11.6000003814697,-4.40000009536743,0,1.25234997272491,5.12750005722046,402,410.649993896484,59.4249992370605,33.5999984741211,7.90000009536743,952535.739163548,-2696315.49384193
"Flux Observations of Carbon from an Airborne Laboratory (FOCAL) Campaign Site 1","Terrestrial","EC",70.085,-148.5671,9,3,"2013","2024","CO2 and CH4","N","N",0.0668699964880943,0.184023842215538,1.87815999984741,0.571150004863739,0.260899990797043,-10.9416666030884,7.11666679382324,-26.966667175293,168,33,4,60.7694778442383,79,18,78,19,7.09999942779541,15.8482141494751,1426.83984375,13.5,-31.2999992370605,44.7999992370605,5.98333311080933,-26.2999992370605,1,0.851700007915497,6.99749994277954,836,794.075012207031,39.7249984741211,40.125,20.7999992370605,-1139468.53625332,1864341.02413914
"Flux Observations of Carbon from an Airborne Laboratory (FOCAL) Campaign Site 2","Terrestrial","EC",70.0229,-148.6598,9,2,"2023","2024","CO2 and CH4","N","N",0.0964599996805191,0.18308062851429,2.23884010314941,0.600099980831146,0.342700004577637,-10.8208332061768,7.43333339691162,-26.8833332061768,166,33,5,59.8053779602051,80,19,76,20,7.35833311080933,16.2435607910156,1436.73315429688,13.8999996185303,-31.3999996185303,45.2999992370605,6.16666650772095,-26.283332824707,1,0.791824996471405,6.9225001335144,737,728.924987792969,38.4249992370605,43.375,18.2749996185303,-1140064.31120884,1872116.13026235
"Fyodorovskoye","Terrestrial","EC",56.4615278,32.9220833,272,23,"1998","2020","CO2","Y","N",0.031700000166893,0.415049970149994,7.78557014465332,0.864310026168823,0.502640008926392,4.51249980926514,15.8333330154419,-6.63333320617676,693,92,33,33.9117393493652,253,102,253,127,7.64166641235352,23.5128192901611,914.609008789062,21.8999996185303,-10.6000003814697,32.5,15.8333330154419,-1.46666669845581,0,1.31342506408691,5.21999979019165,615,381.924987792969,50.9500007629395,35.375,14.4499998092651,2036800.99146067,-3145755.76555417
"Fyodorovskoye2","Terrestrial","EC",56.447603,32.901878,68,6,"2015","2020","CO2 and CH4","Y","Y",0.0349400006234646,0.369421511888504,7.44339990615845,0.890009999275208,0.582920014858246,4.51249980926514,15.8500003814697,-6.66666650772095,694,92,33,33.6747779846191,253,103,253,128,7.65833330154419,23.5641021728516,916.346801757812,21.8999996185303,-10.6000003814697,32.5,15.8500003814697,-1.48333334922791,0,1.31257498264313,5.42999982833862,517,243.824996948242,45.5999984741211,40.625,14,2036585.17526327,-3147855.13160046
"Gunnarsholt","Terrestrial","EC",63.8333,-20.2166,22,3,"1996","1998","CO2","N","N",0.061999998986721,0.137010350823402,2.88984990119934,0.453999996185303,0.188419997692108,4.46250009536743,10.25,-0.449999958276749,1247,122,80,14.5601234436035,348,251,282,343,4.99166679382324,29.8902187347412,442.308624267578,13.6000003814697,-3.09999990463257,16.7000007629395,1.75,6.43333339691162,0,1.18322491645813,5.86749982833862,516,334.75,58.1500015258789,30.9249992370605,11.125,-999232.261185577,-2713407.5863096
"HJP02 Jack Pine","Terrestrial","EC",53.15,-104.1,24,2,"2004","2005","CO2","Y","N",0.0773100033402443,-0.0405873507261276,3.80566000938416,0.763729989528656,0.574270009994507,1.06666660308838,16.8666667938232,-16.8999996185303,448,73,14,56.8533897399902,204,52,204,52,11.8000001907349,24.0816326141357,1377.66162109375,24.2999992370605,-24.7000007629395,49,16.8666667938232,-14.4833335876465,0.0526491738855839,1.33574998378754,7.27500009536743,440,212.574996948242,41.7750015258789,31.5249996185303,27.1499996185303,-4017443.93887599,1009112.16850773
"HJP75 Jack Pine","Terrestrial","EC",53.15,-104.1,21,2,"2004","2005","CO2","Y","N",0.0773100033402443,-0.0405873507261276,3.80566000938416,0.763729989528656,0.574270009994507,1.06666660308838,16.8666667938232,-16.8999996185303,448,73,14,56.8533897399902,204,52,204,52,11.8000001907349,24.0816326141357,1377.66162109375,24.2999992370605,-24.7000007629395,49,16.8666667938232,-14.4833335876465,0.0526491738855839,1.33574998378754,7.27500009536743,440,212.574996948242,41.7750015258789,31.5249996185303,27.1499996185303,-4017443.93887599,1009112.16850773
"HJP94 Jack Pine","Terrestrial","EC",53.15,-104.116667,24,2,"2004","2005","CO2","Y","N",0.0895600020885468,-0.00667842570692301,4.05776977539062,0.748199999332428,0.536920011043549,1.04166662693024,16.8166675567627,-16.9166660308838,444,72,15,56.4856796264648,202,53,202,53,11.8000001907349,24.1308784484863,1376.61938476562,24.2000007629395,-24.7000007629395,48.9000015258789,16.8166675567627,-14.4833335876465,0.0602204538881779,1.33855009078979,7.25250005722046,410,185.425003051758,49.2750015258789,28.4500007629395,22.4750003814697,-4017150.22420159,1010280.77623939
"Hakasia 10 yr","Terrestrial","EC",54.70455,90.07785,8,1,"2004","2004","CO2","N","N",0.117279998958111,-0.0775414258241653,3.69818997383118,0.608430027961731,0.339010000228882,0.529166579246521,16.3500003814697,-15.4500007629395,448,76,11,62.2353820800781,218,40,218,49,12.0749998092651,25.5285415649414,1295.35961914062,25.2999992370605,-22,47.2999992370605,16.3500003814697,-14.0666666030884,0,1.36335003376007,7.29500007629395,325,207.625,41.6500015258789,39.0250015258789,19.6749992370605,3956095.26354154,5375.30352869549
"Hakasia 5yr","Terrestrial","EC",54.77301,89.95664,9,2,"2002","2003","CO2","N","N",0.123240001499653,-0.0872974991798401,4.03471994400024,0.620609998703003,0.352880001068115,0.366666704416275,16.1333332061768,-15.533332824707,462,77,11,60.7355155944824,222,42,222,53,12.3333330154419,26.0747013092041,1288.61157226562,25,-22.2999992370605,47.2999992370605,16.1333332061768,-14.0833330154419,0.00112448388244957,1.39987504482269,7.05749988555908,364,254.774993896484,35.4749984741211,43.5750007629395,20.9500007629395,3947936.5965509,-2987.69935517834
"Hakasia Steppe","Terrestrial","EC",54.7252,90.0022,30,3,"2002","2004","CO2","N","N",0.118620000779629,-0.0149917136877775,3.55462002754211,0.605000019073486,0.354910016059875,0.345833331346512,16.0499992370605,-15.4333333969116,461,76,11,61.551815032959,222,40,222,50,12.1083335876465,25.7077140808105,1282.43640136719,25,-22.1000003814697,47.0999984741211,16.0499992370605,-14.0833330154419,0.000208734854822978,1.40225005149841,7.1725001335144,332,227.675003051758,41.4249992370605,39.3499984741211,19.7999992370605,3953636.88835202,151.808758561124
"Halmyran","Terrestrial","EC",64.16,19.56924,33,3,"2020","2022","CO2 and CH4","Y","Y",0.0472199991345406,0.507866561412811,5.58652019500732,0.77469003200531,0.407739996910095,1.70833325386047,13.1666669845581,-9.05000019073486,637,83,33,31.7865295410156,229,105,220,121,8.76666641235352,26.2475051879883,898.017578125,19.7000007629395,-13.6999998092651,33.4000015258789,11.6166667938232,-4.5,0,1.28292500972748,5.05000019073486,527,449.225006103516,61.7000007629395,32.7000007629395,6.30000019073486,956012.876566986,-2689364.03607687
"Halsingfors mire","Terrestrial","EC",64.15956,19.5515,33,3,"2020","2022","CO2 and CH4","Y","Y",0.0477799996733665,0.503347933292389,5.35684013366699,0.755999982357025,0.423029989004135,1.70833337306976,13.1666669845581,-9.08333301544189,633,82,33,31.4645709991455,227,105,217,120,8.76666641235352,26.2475051879883,899.090026855469,19.7000007629395,-13.6999998092651,33.4000015258789,11.6166667938232,-4.5,0,1.26545000076294,5.0625,554,524.549987792969,63.2000007629395,31,6.69999980926514,955196.953973443,-2689707.23802388
"Happy Valley","Terrestrial","EC",69.1423,-148.8412,7,2,"1994","1995","CO2 and CH4","N","N",0.0905599966645241,0.23812061548233,2.65614008903503,0.625880002975464,0.347189992666245,-9.96666622161865,9.31666660308838,-26.216667175293,197,39,7,58.5256042480469,93,26,91,26,9.81666660308838,20.4513893127441,1486.63342285156,16.2000007629395,-31.7999992370605,48,7,-25.6833324432373,1,1.00065004825592,5.80999994277954,851,648.325012207031,28.7250003814697,51.6500015258789,19.8250007629395,-1185179.32679383,1960143.25204061
"Happy Valley Wet Sedge Tundra","Terrestrial","EC",69.1672,-148.8569,5,1,"1995","1995","CO2","N","N",0.0911500006914139,0.306573837995529,2.97929000854492,0.680339992046356,0.389369994401932,-10.0583333969116,9.11666679382324,-26.1333332061768,197,39,7,58.5256042480469,93,26,91,26,9.71666622161865,20.3703689575195,1476.44970703125,16,-31.7000007629395,47.7000007629395,6.83333301544189,-25.6499996185303,1,0.906175017356873,5.67749977111816,931,648.799987792969,30.2000007629395,49.2249984741211,21.2749996185303,-1183197.50416556,1958077.15492116
"Havikpak Creek","Terrestrial","EC",68.3203,-133.5188,114,10,"2013","2022","CO2 and CH4","N","Y",0.0662299990653992,0.417778640985489,3.85251998901367,0.712459981441498,0.385259985923767,-8.77083301544189,11.6333332061768,-26.5,240,40,9,47.5323867797852,101,30,95,39,9.24166679382324,18.1209163665771,1587.87512207031,18.8999996185303,-32.0999984741211,51,9.19999980926514,-20.6166667938232,0.976210296154022,1.1298999786377,5.5475001335144,1274,387.299987792969,34.375,38.2249984741211,27.8250007629395,-1727977.453976,1640867.28997366
"Hustai grassland","Terrestrial","EC",47.594131,105.856439,72,6,"2015","2020","CO2","Y","N",0.251370012760162,-0.147547259926796,2.25969004631042,0.362910002470016,0.236519992351532,-0.0958332493901253,16.7333335876465,-18.5499992370605,238,64,2,114.100814819336,169,7,169,7,14.4583330154419,27.9658279418945,1432.99499511719,24.5,-27.2000007629395,51.7000007629395,16.7333335876465,-18.5499992370605,0,1.4632750749588,8.33250045776367,162,139.875,45.4500007629395,31.8250007629395,22.8500003814697,4638066.23552431,1317376.37159244
"Hyltemossa","Terrestrial","EC",56.09763,13.41897,71,6,"2015","2020","CO2","Y","N",0.0434099994599819,0.512475669384003,8.89212989807129,0.851679980754852,0.504339993000031,7.08333349227905,15.1499996185303,-0.316666632890701,859,91,47,21.0625400543213,263,159,221,222,7.09999990463257,29.8319320678711,634.437255859375,20.5,-3.29999995231628,23.7999992370605,3.98333334922791,5.86666679382324,0,1.26440000534058,4.84250020980835,536,416.174987792969,69.8499984741211,22.4750003814697,7.47499990463257,879686.568016846,-3687122.22207482
"Hyytiala","Terrestrial","EC",61.8474,24.2948,330,28,"1996","2023","CO2 and CH4","Y","N",0.0388399995863438,0.466817229986191,6.66505002975464,0.816760003566742,0.424169987440109,3.14166665077209,14.1499996185303,-7.08333349227905,671,89,32,32.9502639770508,240,108,235,129,8.25,25.2293586730957,858.184753417969,20.7999992370605,-11.8999996185303,32.6999969482422,12.3166666030884,-3.39999985694885,0,1.32410001754761,5.20499992370605,341,149.375,54.2000007629395,35.7750015258789,10.25,1283430.98441929,-2843172.51703756
"Igarka","Terrestrial","EC",67.4811461538462,86.4371951153846,26,7,"2016","2023","CO2","N","N",0.044939998537302,0.342364639043808,3.68551015853882,0.819790005683899,0.418909996747971,-8.15416622161865,12.1166667938232,-26.533332824707,504,62,25,32.5430335998535,177,78,162,103,8.97500038146973,16.9981060028076,1580.68371582031,20.3999996185303,-32.4000015258789,52.8000030517578,3.19999980926514,-18.5666656494141,0.690114319324493,1.0593249797821,5.4524998664856,787,542.375,46.1500015258789,38.2999992370605,15.8500003814697,2472657.48701383,-153954.941919175
"Illisarvik","Terrestrial","EC",69.47986111,-134.5885278,1,1,"2016","2016",NA,"N","N",0.0781100019812584,0.300266414880753,2.61521005630493,0.672819972038269,0.38289999961853,-10.4666662216187,8.88333320617676,-27.3666667938232,193,37,7,57.7575645446777,89,22,81,24,7.01666688919067,13.9774236679077,1523.90551757812,15.1999998092651,-35,50.2000007629395,7.63333320617676,-22.2000007629395,0.997746825218201,1.0058000087738,5.8125,846,798.125,34.4249992370605,32.4500007629395,33.4749984741211,-1604327.23807245,1581448.05715044
"Imnavait Creek Watershed Heath Tundra","Terrestrial","EC",68.6068,-149.2958,172,15,"2007","2021","CO2","Y","N",0.0989599972963333,0.309745967388153,2.53734993934631,0.655480027198792,0.430580019950867,-10.2375001907349,7.81666707992554,-24.4333324432373,245,48,8,65.5349349975586,125,28,125,35,9.9416675567627,22.4924583435059,1359.88818359375,14.1000003814697,-30.1000003814697,44.2000007629395,7.81666707992554,-13.5833339691162,1,0.9286749958992,5.3125,739,517.125,41.4000015258789,37.7750015258789,21.6749992370605,-1200290.95895073,2021182.85210956
"Imnavait Creek Watershed Tussock Tundra","Terrestrial","EC",68.6063,-149.3041,174,15,"2007","2021","CO2","Y","N",0.102530002593994,0.314991980791092,2.59856009483337,0.659330010414124,0.428559988737106,-10.1875,7.88333320617676,-24.4333343505859,245,48,8,65.5349349975586,125,28,125,35,10.0083332061768,22.5412921905518,1362.16589355469,14.1999998092651,-30.2000007629395,44.4000015258789,7.88333320617676,-13.5333337783813,1,0.723124980926514,5.32250022888184,758,567.349975585938,41.0999984741211,38,21.1000003814697,-1200026.83608928,2021405.02337144
"Imnavait Creek Watershed Wet Sedge Tundra","Terrestrial","EC",68.6058,-149.311,160,14,"2007","2021","CO2 and CH4","Y","N",0.102530002593994,0.314991980791092,2.59856009483337,0.659330010414124,0.428559988737106,-10.0958337783813,8.01666641235352,-24.4833335876465,242,47,8,64.9603042602539,123,28,123,34,10.1750001907349,22.7628650665283,1367.54833984375,14.3999996185303,-30.2999992370605,44.6999969482422,8.01666641235352,-13.3500003814697,1,0.610775053501129,5.50250005722046,745,588.025024414062,41.3499984741211,38,21.0249996185303,-1199812.07140459,2021597.84426484
"Iqaluit","Terrestrial","EC",63.79025,-68.56005,1,1,"2008","2008","CO2","N","N",0.14036999642849,0.0588430538773537,1.65394997596741,0.455689996480942,0.219679996371269,-9.01249980926514,6.96666669845581,-25.1499996185303,420,66,17,47.5257606506348,180,58,168,60,7.40833330154419,16.7609348297119,1329.60034179688,13.3000001907349,-30.8999996185303,44.2000007629395,6.44999980926514,-25.1000003814697,0.941233456134796,1.05824995040894,5.85500001907349,563,387.950012207031,48.0750007629395,32.9000015258789,19.5750007629395,-2696035.81399562,-1058734.01980108
"Iqaluit Tundra","Terrestrial","EC",63.75084,-68.428596,11,2,"2022","2023","CO2","N","N",0.137669995427132,0.0743777975440025,1.66218996047974,0.4894700050354,0.230590000748634,-9.125,6.76666688919067,-25.1166667938232,429,69,18,48.6503753662109,187,61,173,62,7.40000009536743,16.8564910888672,1317.95556640625,13,-30.8999996185303,43.9000015258789,6.20000028610229,-20.7666664123535,0.967730224132538,1.10719990730286,5.77500009536743,572,437.424987792969,45.8499984741211,32.3250007629395,22.25,-2697789.46077467,-1066573.1970867
"Iskoras","Terrestrial","EC",69.57,25.5,105,4,"2019","2022","CO2 and CH4","Y","Y",0.063400000333786,0.24905988574028,3.5869300365448,0.753790020942688,0.404549986124039,-2.38750004768372,10.6833333969116,-14.4333333969116,414,67,19,46.0598831176758,173,61,173,64,8.85833358764648,23.3729114532471,1017.99743652344,17.1000003814697,-20.7999992370605,37.9000015258789,10.6833333969116,-9.06666660308838,0.0257270783185959,1.24619996547699,5.34499979019165,416,347,60.4749984741211,32.9749984741211,6.82499980926514,965481.738759058,-2024174.55943182
"Ivotuk","Terrestrial","EC",68.4865,-155.7503,119,11,"2003","2018","CO2 and CH4","Y","Y",0.100500002503395,0.348579287528992,2.85104990005493,0.664009988307953,0.44021999835968,-9.39166641235352,8.5,-24.1166667938232,247,56,8,65.4774780273438,122,35,116,35,9.23333358764648,20.7957954406738,1363.04272460938,15.3999996185303,-29,44.4000015258789,6.26666641235352,-22.1499996185303,1,0.768649995326996,5.13749980926514,840,663.775024414062,33.4500007629395,44.9249992370605,22.4500007629395,-971026.717589067,2155629.52101123
"Kaamanen","Terrestrial","EC",69.14057,27.26985,143,12,"1997","2008","CO2","Y","N",0.0565899983048439,0.334911018610001,3.81900000572205,0.697309970855713,0.310669988393784,-1.12500011920929,11.2166662216187,-12.716667175293,432,63,17,44.2151222229004,176,57,176,67,8.51666641235352,23.4618911743164,966.908142089844,17.6000003814697,-18.7000007629395,36.3000030517578,11.2166662216187,-7.80000019073486,0.42175018787384,1.21200001239777,5.21000003814697,723,445,62.8250007629395,30.0249996185303,7.52500009536743,1049596.67781124,-2036184.56857792
"Kalevansuo","Terrestrial","EC",60.6468333214286,24.356167,56,6,"2004","2009","CO2","Y","N",0.0371900014579296,0.490699827671051,7.09089994430542,0.804740011692047,0.399370014667511,4.17916679382324,14.8833332061768,-5.66666650772095,646,80,34,29.7319183349609,220,109,212,135,7.94166660308838,25.2116394042969,834.242858886719,21.1000003814697,-10.3999996185303,31.5,13.1833333969116,-2.31666660308838,0,1.24542510509491,5.23250007629395,559,320.875,60.5250015258789,29.5499992370605,10.6999998092651,1343669.94658134,-2968137.66847393
"Kenttarova","Terrestrial","EC",67.98729,24.2430071428571,84,7,"2012","2023","CO2","Y","N",0.0369900017976761,0.474270105361938,4.77256011962891,0.788339972496033,0.358180016279221,-1.78333342075348,11.1333332061768,-13.7333335876465,524,85,26,45.3256645202637,223,78,223,88,9.11666679382324,24.2464542388916,1001.47015380859,17.7999992370605,-19.7999992370605,37.5999984741211,11.1333332061768,-8.05000019073486,0.000462606287328526,1.25215005874634,5.42500019073486,407,381.799987792969,56.625,35.7750015258789,7.82499980926514,993837.041028518,-2206955.66414985
"Kherlenbayan Ulaan","Terrestrial","EC",47.213972,108.737333,72,6,"2003","2008","CO2","Y","N",0.234899997711182,-0.123522654175758,2.57616996765137,0.441610008478165,0.298020005226135,0.0750000029802322,18.0166664123535,-19.4166660308838,250,77,2,115.850509643555,178,6,178,6,14.8166666030884,27.3370227813721,1520.82141113281,26.2000007629395,-28,54.2000007629395,18.0166664123535,-19.4166660308838,0.0463475249707699,1.42512500286102,8.03499984741211,208,136.899993896484,48.6500015258789,27.7000007629395,23.875,4610835.84236119,1564031.12046387
"Knottasen","Terrestrial","EC",60.99825,16.2172778,139,12,"2006","2017","CO2","Y","N",0.0332099981606007,0.612877547740936,7.88162994384766,0.822129964828491,0.406120002269745,3.52500009536743,13.6166667938232,-5.66666650772095,707,88,32,29.6894969940186,249,118,236,131,9.06666660308838,29.5331153869629,780.802307128906,20.5,-10.1999998092651,30.7000007629395,12.1499996185303,-4.79999971389771,0,1.23835003376007,5.07499980926514,364,324.450012207031,63.4500007629395,30.3250007629395,6.65000009536743,898569.535565712,-3089418.97508283
"Kytalyk, Russia","Terrestrial","EC",70.82913889,147.4942778,80,16,"2003","2021","CO2 and CH4","N","N",0.0959499999880791,0.229687422513962,2.57898998260498,0.656019985675812,0.355089992284775,-13.904167175293,7.48333358764648,-32.9833335876465,210,34,7,51.5127410888672,92,26,92,32,7.45833349227905,14.3983268737793,1692.59948730469,14.3000001907349,-37.5,51.7999992370605,7.48333358764648,-26.6333332061768,1,1.0949250459671,6.16249990463257,767,409.600006103516,36.5,44.7000007629395,19.375,1129488.62274746,1772551.32068258
"Lac Le Caron peatland, an ombrotrophic bog","Terrestrial","EC",52.29027778,-75.25416667,45,5,"2008","2012","CO2","N","N",0.0489500015974045,0.444263577461243,4.63559007644653,0.728969991207123,0.368330001831055,-1.53333342075348,13.6999998092651,-18.6499996185303,819,107,33,39.3069496154785,311,106,287,145,10.0333337783813,21.4387454986572,1313.5107421875,20.6000003814697,-26.2000007629395,46.8000030517578,12.4333333969116,-11.5166664123535,4.22685043304227e-05,1.28100001811981,5.0475001335144,455,214.199996948242,69.7750015258789,22.5499992370605,7.55000019073486,-4106041.50215496,-1080711.21992353
"Lake Hazen, Ellesmere Island","Terrestrial","EC",82.427318,-71.38233,15,4,"2009","2012","CO2","N","N",0.0328299999237061,0.71511572599411,-0.240170001983643,-0.0191200003027916,-0.0205700006335974,-21.5416660308838,-4.65000009536743,-35.0499992370605,138,31,4,75.8563232421875,79,14,71,14,5.4333324432373,14.0034341812134,1256.27673339844,-0.899999976158142,-39.7000007629395,38.7999992370605,-6.93333339691162,-35.0499992370605,1,1.04015004634857,6.84749984741211,1135,856.575012207031,64.3499984741211,31.6499996185303,4.02500009536743,-780824.92367401,-263044.725997603
"Lettosuo","Terrestrial","EC",60.641833,23.9597130983607,183,16,"2009","2024","CO2","Y","N",0.045049998909235,0.4926817715168,7.31126976013184,0.813289999961853,0.438059985637665,4.31666660308838,14.9499998092651,-5.39999961853027,663,81,35,29.3504695892334,222,110,214,143,7.94999980926514,25.2380962371826,826.480285644531,21.2999992370605,-10.1999998092651,31.5,13.2666664123535,3.23333334922791,0,1.24342501163483,5.37249994277954,636,403.475006103516,55.2999992370605,33.0499992370605,12.375,1323335.3175984,-2977893.1931686
"Lily Lake Fen","Terrestrial","EC",60.5382,-150.5061,32,3,"2021","2023","CO2 and CH4","N","N",0.048930000513792,0.381643176078796,5.64429998397827,0.764320015907288,0.383599996566772,2.25833344459534,12.6333332061768,-7.53333330154419,850,129,36,43.7608489990234,339,116,180,223,8.48333358764648,28.0905075073242,830.593505859375,18,-12.1999998092651,30.2000007629395,7.71666669845581,6.93333339691162,0,1.21357500553131,5.39499998092651,416,314.375,47.7000007629395,43.1500015258789,9.35000038146973,-1610264.7458933,2846840.44809366
"Ljusdal_HY","Terrestrial","EC",61.937,15.483,23,4,"2019","2022","CO2","N","N",0.0903899967670441,0.213101640343666,4.78156995773315,0.626730024814606,0.329089999198914,3.45833325386047,13.9666662216187,-6.54999971389771,624,90,26,37.0084266662598,235,93,235,102,8.81666660308838,27.9894180297852,827.808776855469,20.6000003814697,-10.8999996185303,31.5,13.9666662216187,-5.29999971389771,0,1.27992510795593,5.34000015258789,393,327.325012207031,53.2750015258789,38.125,8.80000019073486,829983.298007761,-2996275.02415567
"Ljusdal_SLM","Terrestrial","EC",61.938,15.427,25,3,"2020","2022","CO2","Y","N",0.101960003376007,0.193747609853745,4.51590013504028,0.614309966564178,0.325199991464615,3.45416665077209,13.9333333969116,-6.5,618,89,25,36.9927024841309,232,91,232,100,8.75833320617676,27.8927822113037,825.377197265625,20.6000003814697,-10.8000001907349,31.4000015258789,13.9333333969116,-5.28333330154419,0,1.26882493495941,5.21750020980835,363,318.024993896484,56.25,35.8499984741211,8.82499980926514,827023.751869574,-2996973.78028992
"Lompolojankka","Terrestrial","EC",67.9972481666667,24.209113,72,6,"2006","2012","CO2 and CH4","Y","Y",0.0542800016701221,0.40095853805542,4.07147979736328,0.754059970378876,0.410089999437332,-1.53333330154419,11.3166666030884,-13.4333333969116,512,83,25,45.1972618103027,217,75,217,86,9.08333301544189,24.2869873046875,996.754577636719,17.8999996185303,-19.5,37.4000015258789,11.3166666030884,-7.80000019073486,0.00813228078186512,1.23967504501343,5.39750003814697,504,425.725006103516,60.125,33.7750015258789,6.17500019073486,992071.51066207,-2206520.52985123
"Lutose","Terrestrial","EC",59.45,-117.25,29,3,"2021","2023","CO2","Y","Y",0.0782599970698357,0.293438702821732,4.54773998260498,0.705030024051666,0.390659987926483,-1.88333332538605,14.8999996185303,-20.5166664123535,356,59,15,50.9996299743652,158,46,158,50,12.6333332061768,24.6263809204102,1453.4619140625,23.2999992370605,-28,51.2999992370605,14.8999996185303,-9.83333301544189,0.326711177825928,1.21927499771118,6.41499996185303,966,192,44.2999992370605,29.75,26.3500003814697,-3020078.25735491,1555442.51187746
"Manitoba - Northern Old Black Spruce (former BOREAS Northern Study Area)","Terrestrial","EC",55.8796,-98.4808,149,13,"1994","2008","CO2","Y","N",0.0416500009596348,0.446930915117264,5.86950016021729,0.740289986133575,0.326240003108978,-3.07083344459534,14.3833332061768,-22.4833335876465,511,84,16,54.124195098877,225,56,225,61,11.8249998092651,22.5667934417725,1494.47692871094,22.3999996185303,-30,52.4000015258789,14.3833332061768,-19.8333339691162,0.0207558386027813,1.19612503051758,6.61499977111816,1222,212.050003051758,29.7749996185303,22.4500007629395,48.4500007629395,-3774699.0080072,562839.444861386
"Mittimatalik (Pond Inlet) Tundra","Terrestrial","EC",72.6695,-77.9981,4,1,"2024","2024","CO2 and CH4","N","N",0.127179995179176,0.0772681757807732,1.6912499666214,0.533060014247894,0.240390002727509,-14.0916662216187,4.90000009536743,-31.283332824707,194,37,4,62.6823921203613,92,16,82,16,7,14.8936166763306,1506.09948730469,10.8000001907349,-36.2000007629395,47,3.63333344459534,-31.283332824707,1,1.27455008029938,6.4524998664856,314,220.199996948242,48.0750007629395,34.0499992370605,18.3999996185303,-1855444.75068651,-394451.265798579
"Mukhrino","Terrestrial","EC",60.89133,68.67627,4,1,"2015","2015","CO2","N","N",0.0603299997746944,0.60673725605011,4.34892988204956,0.703299999237061,0.478450000286102,-1.19583332538605,15.5500001907349,-18.3333320617676,543,76,20,42.9288330078125,215,68,215,85,9.07499980926514,19.1455688476562,1358.68493652344,23,-24.3999996185303,47.4000015258789,15.5500001907349,-9.13333320617676,0.142066657543182,0.50932502746582,5.15999984741211,1238,673.075012207031,36.875,40.2000007629395,22.8999996185303,3008699.12712253,-1174478.52570478
"Mukhrino field station, Khanty-Mansiysk, Russia","Terrestrial","EC",60.8937358666667,68.6826977333333,15,3,"2015","2022","CO2","N","N",0.0663300007581711,0.529371559619904,4.64996004104614,0.721149981021881,0.473179996013641,-1.17083334922791,15.5666666030884,-18.2666664123535,543,76,20,42.6905708312988,215,69,215,85,9.04166603088379,19.1560726165771,1355.96240234375,22.8999996185303,-24.2999992370605,47.1999969482422,15.5666666030884,-9.08333301544189,0.148280307650566,0.50932502746582,5.15999984741211,1238,673.075012207031,36.875,40.2000007629395,22.8999996185303,3008571.56965556,-1174039.80097049
"NEON Barrow Environmental Observatory (BARR)","Terrestrial","EC",71.2824,-156.6194,37,4,"2019","2022","CO2","N","N",0.0979800000786781,0.288321226835251,2.31783008575439,0.644580006599426,0.364300012588501,-11.9875001907349,4.41666650772095,-26.5499992370605,109,27,3,84.3063583374023,67,9,55,10,6.09166669845581,15.2291669845581,1309.88391113281,9.19999980926514,-30.7999992370605,40,3.63333320617676,-26.0666656494141,1,0.550374984741211,6.19999980926514,793,623.75,49.0750007629395,31.9249992370605,19.0249996185303,-814017.674906069,1882832.69169166
"NEON Caribou Creek - Poker Flats Watershed (BONA)","Terrestrial","EC",65.154,-147.5026,56,6,"2017","2022","CO2","Y","N",0.0532400012016296,0.332487732172012,4.73435020446777,0.830219984054565,0.504599988460541,-2.94166660308838,13.8166666030884,-18.5833320617676,327,52,10,49.1681060791016,143,42,143,55,11.6666660308838,24.8226947784424,1359.61535644531,21.7000007629395,-25.2999992370605,47,13.8166666030884,-10.3000001907349,0.237131282687187,1.10304999351501,5.92500019073486,747,284.225006103516,32.0750007629395,59.375,8.92500019073486,-1472624.87964488,2311789.52861497
"NEON Delta Junction (DEJU)","Terrestrial","EC",63.8811,-145.7514,54,6,"2017","2022","CO2","Y","N",0.0588300004601479,0.373225003480911,4.44922018051147,0.676069974899292,0.347849994897842,-3.09166669845581,13.1000003814697,-18.216667175293,287,66,4,91.7660980224609,180,18,180,27,10.716667175293,24.0823974609375,1301.06750488281,20.7999992370605,-23.7000007629395,44.5,13.1000003814697,-10.0500001907349,0.125723585486412,1.25824999809265,6.17000007629395,496,258.899993896484,47.4249992370605,46.0999984741211,7.125,-1624244.37834138,2385647.68625073
"NEON Healy (HEAL)","Terrestrial","EC",63.8757,-149.2133,48,5,"2018","2022","CO2","Y","N",0.0735300034284592,0.330061256885529,3.76174998283386,0.765609979629517,0.502780020236969,-3.3708336353302,11.9833335876465,-17.0833339691162,416,80,15,63.9834861755371,210,52,210,57,11.3583335876465,26.4763011932373,1212.11206054688,19.7999992370605,-23.1000003814697,42.9000015258789,11.9833335876465,-10.5500001907349,0.491943031549454,1.14637494087219,5.38000011444092,509,402.424987792969,32.9000015258789,52.5999984741211,14.5249996185303,-1477539.40712243,2479904.06769804
"NGEE Arctic Barrow","Terrestrial","EC",71.283333,-156.6092333,100,11,"2012","2023","CO2 and CH4","N","N",0.0996700003743172,0.280590623617172,2.30155992507935,0.633840024471283,0.346029996871948,-11.9791669845581,4.46666669845581,-26.5499992370605,109,27,3,84.3063583374023,67,9,55,10,6.09166669845581,15.1911897659302,1312.13818359375,9.30000019073486,-30.7999992370605,40.0999984741211,3.68333339691162,-26.0833320617676,1,0.631124973297119,6.06500005722046,847,632.075012207031,50.5499992370605,31.5499992370605,18.6000003814697,-814310.46173761,1882592.75222166
"NGEE Arctic Council","Terrestrial","EC",64.86138889,-163.7007222,48,7,"2017","2023","CO2 and CH4","N","N",0.0726599991321564,0.29859271645546,3.5160698890686,0.730289995670319,0.455900013446808,-3.05416679382324,11.0166664123535,-14.8833332061768,413,88,16,64.2450485229492,205,50,162,67,9.24166679382324,24.3843460083008,1082.57360839844,17.5,-20.3999996185303,37.9000015258789,9.68333339691162,-6.48333358764648,0.358230769634247,0.91557502746582,5.32000017166138,833,484.149993896484,41.4000015258789,46.7249984741211,12.8000001907349,-778613.833315331,2662776.25024164
"Nalaikh grassland","Terrestrial","EC",47.693592,107.489342,72,6,"2015","2020","CO2","Y","N",0.182779997587204,-0.0993338748812675,2.86448001861572,0.520210027694702,0.324950009584427,-2.23333334922791,15.6166667938232,-21.8166656494141,267,80,1,122.645797729492,198,4,198,4,14.5500001907349,26.7955799102783,1521.41137695312,23.8999996185303,-30.3999996185303,54.2999992370605,15.6166667938232,-18.5499992370605,0.767844140529633,1.41980004310608,7.8274998664856,253,169.449996948242,52.75,29.6749992370605,18.4249992370605,4586845.88067299,1445288.95111515
"Nelegel","Terrestrial","EC",62.31583333,129.4997222,30,7,"2000","2006","CO2","N","N",0.0909100025892258,0.0936979651451111,3.43913006782532,0.728399991989136,0.423680007457733,-10.408332824707,15.1999998092651,-37.7666664123535,254,45,4,71.790641784668,131,16,131,22,11.5833330154419,17.2371025085449,2185.908203125,24.1000003814697,-43.0999984741211,67.1999969482422,15.1999998092651,-32.2000007629395,1,1.20267510414124,6.92999982833862,510,244.350006103516,32.3250007629395,44.2249984741211,24.0499992370605,2365430.59471607,1949891.24514665
"Neleger Burnt Forest","Terrestrial","EC",62.325937,129.487342,24,2,"1999","2000","CO2","N","N",0.0981599986553192,0.0572935082018375,3.21827006340027,0.710290014743805,0.41279000043869,-10.4541664123535,15.1833333969116,-37.7999992370605,256,45,4,71.2421035766602,131,16,131,22,11.5916662216187,17.2495040893555,2186.494140625,24.1000003814697,-43.0999984741211,67.1999969482422,15.1833333969116,-32.25,1,1.16244995594025,6.75250005722046,485,294.850006103516,33.75,42.7750015258789,23.7749996185303,2364955.20455901,1948641.27330192
"Neleger Cutover","Terrestrial","EC",62.314844,129.500075,72,6,"2001","2006","CO2","N","N",0.0909100025892258,0.0936979651451111,3.43913006782532,0.728399991989136,0.423680007457733,-10.4083337783813,15.1999998092651,-37.783332824707,253,45,4,71.4803924560547,130,16,130,22,11.5833330154419,17.2371025085449,2186.50708007812,24.1000003814697,-43.0999984741211,67.1999969482422,15.1999998092651,-32.2000007629395,1,1.16632497310638,6.94250011444092,441,259.975006103516,33.2999992370605,44.9749984741211,22.4750003814697,2365506.37298709,1949978.17470841
"Neleger larch forest","Terrestrial","EC",62.315615,129.499964,84,7,"2000","2006","CO2","N","N",0.0909100025892258,0.0936979651451111,3.43913006782532,0.728399991989136,0.423680007457733,-10.408332824707,15.1999998092651,-37.7666664123535,254,45,4,71.790641784668,131,16,131,22,11.5833330154419,17.2371025085449,2185.908203125,24.1000003814697,-43.0999984741211,67.1999969482422,15.1999998092651,-32.2000007629395,1,1.20267510414124,6.92999982833862,510,244.350006103516,32.3250007629395,44.2249984741211,24.0499992370605,2365441.73851767,1949917.19738916
"North Star Yedoma","Terrestrial","EC",64.894,-147.637,24,3,"2021","2023","CO2 and CH4","Y","Y",0.0545499995350838,0.347588181495667,4.63906002044678,0.786939978599548,0.440849989652634,-2.65416669845581,14.466667175293,-19.466667175293,318,49,9,49.6055068969727,137,36,137,55,11.591667175293,23.9497241973877,1410.90637207031,22.2000007629395,-26.2000007629395,48.4000015258789,14.466667175293,-9.89999961853027,0.318680942058563,1.30107498168945,6.20499992370605,251,173.375,22.2000007629395,70.0999984741211,8.5,-1483032.24226695,2340223.93293432
"Norunda","Terrestrial","EC",60.0864972066667,17.4795027933333,180,15,"1999","2023","CO2","Y","N",0.0514499992132187,0.417381197214127,7.71342992782593,0.805040001869202,0.451290011405945,5.48333311080933,14.9833335876465,-2.98333334922791,596,74,30,27.8909568786621,204,102,197,120,7.93333339691162,28.03297996521,732.142944335938,21.3999996185303,-6.90000009536743,28.2999992370605,13.8666667938232,-0.183333277702332,0,1.19102501869202,5.08249998092651,623,446.299987792969,63.25,24.6749992370605,12.8249998092651,998138.311404437,-3169643.69381234
"Nuuk Fen","Terrestrial","EC",64.130933,-51.386068,49,10,"2008","2022","CO2","N","N",0.0875200033187866,0.242775142192841,2.5639500617981,0.687409996986389,0.326409995555878,-2.55833339691162,6.91666698455811,-10.5666666030884,699,86,42,24.9104385375977,238,130,216,138,5.58333349227905,21.7250328063965,708.964782714844,12.1000003814697,-13.6000003814697,25.7000007629395,6.03333330154419,-9.06666660308838,0.501946926116943,1.07502508163452,6.01749992370605,504,331.075012207031,65.7750015258789,28.4249992370605,6.19999980926514,-2232800.23318839,-1783310.09610067
"Ontario - Groundhog River, Boreal Mixedwood Forest","Terrestrial","EC",48.2173,-82.1555,125,11,"2003","2013","CO2","Y","N",0.0438200011849403,0.419408679008484,7.45090007781982,0.853870034217834,0.512929975986481,1.29583334922791,15.4833335876465,-14.7833337783813,737,87,38,29.15598487854,249,122,243,123,12.7250003814697,26.8459911346436,1228.99157714844,23.7000007629395,-23.7000007629395,47.4000015258789,14.4000005722046,-13.3166666030884,0,1.22484993934631,5.57000017166138,321,179.824996948242,55.2999992370605,27.3250007629395,17.4500007629395,-4699767.31914285,-647507.106627233
"Pitsalu","Terrestrial","EC",58.562,24.37,13,2,"2022","2023","CO2 and CH4","N","N",0.135499998927116,-0.0500267930328846,4.617919921875,0.606629967689514,0.265419989824295,6.125,16.5499992370605,-3.61666679382324,687,79,32,31.681526184082,229,104,206,141,7.01666641235352,23.3888893127441,824.242065429688,22.2999992370605,-7.69999980926514,30,6.65000009536743,-0.433333337306976,0,1.18897497653961,5.85249996185303,702,379.924987792969,44.5250015258789,30.3250007629395,25.1499996185303,1444491.12287985,-3188800.06678385
"Plotnikovo field station, Tomsk, Rusia","Terrestrial","EC",56.813743,82.852093,6,1,"2022","2022","CO2","N","N",0.0657100006937981,0.453118860721588,4.52205991744995,0.688490033149719,0.401050001382828,-0.120833404362202,16.3999996185303,-17.2333335876465,467,67,14,46.100715637207,191,53,191,67,10.658332824707,22.3445148468018,1358.7802734375,24.7999992370605,-22.8999996185303,47.6999969482422,16.3999996185303,-14.8833332061768,0.0336081683635712,0.987174987792969,5.43499994277954,1363,314.350006103516,34.6749992370605,37.2249984741211,28.1499996185303,3677200.981827,-461142.257241297
"Poker Flat Research Range Black Spruce Forest","Terrestrial","EC",65.12367,-147.48756,144,12,"2011","2022","CO2","Y","N",0.0545499995350838,0.355217427015305,4.39489984512329,0.770389974117279,0.430150002241135,-3.10833334922791,13.9499998092651,-19.3000011444092,319,51,9,52.6833915710449,144,37,144,55,11.6833333969116,24.4421195983887,1391.30224609375,21.7999992370605,-26,47.7999992370605,13.9499998092651,-10.4166669845581,0.392658263444901,1.12742507457733,6.19500017166138,569,339.375,29.2999992370605,63.1500015258789,8.14999961853027,-1475085.59493663,2314311.57726621
"Poker Flat Research Range: Succession from fire scar to deciduous forest","Terrestrial","EC",65.11983333,-147.5123528,172,15,"2008","2022","CO2","Y","N",0.0524800010025501,0.254944384098053,4.70102024078369,0.822910010814667,0.489560008049011,-2.95833349227905,14.1166667938232,-19.25,324,51,9,50.8964157104492,143,38,143,55,11.783332824707,24.5486106872559,1394.91259765625,22,-26,48,14.1166667938232,-10.2833337783813,0.338255643844604,1.14972496032715,6.1399998664856,586,302.049987792969,29.1749992370605,60.2000007629395,11.1499996185303,-1474318.390038,2315317.72039184
"Pond Inlet","Terrestrial","EC",72.69275,-77.95761667,1,1,"2008","2008","CO2","N","N",0.156289994716644,0.0441218987107277,1.22209000587463,0.425159990787506,0.221509993076324,-14.1000003814697,4.51666688919067,-31.1000003814697,195,37,4,64.3226547241211,93,15,86,15,6.90000009536743,14.9674625396729,1484.69470214844,10.1000003814697,-36,46.0999984741211,3.33333349227905,-31.1000003814697,1,1.25925004482269,6.71250009536743,488,253.199996948242,52.75,30.7749996185303,16.7000007629395,-1852639.980828,-395223.378106129
"Quebec - 1975 Harvested Black Spruce","Terrestrial","EC",49.7598,-74.5711,36,3,"2008","2010","CO2","Y","N",0.0433200001716614,0.476261466741562,5.75479984283447,0.792530000209808,0.39767000079155,-0.333333432674408,14.4499998092651,-17.0499992370605,967,123,45,35.1016502380371,354,140,335,168,11.466667175293,24.1912803649902,1275.4345703125,22.2000007629395,-25.2000007629395,47.4000015258789,13.216667175293,-9.44999980926514,0,1.24384999275208,5.1875,253,140.300003051758,66.1999969482422,24.875,9.67500019073486,-4389867.17142454,-1211553.45075692
"Quebec - Eastern Boreal, Mature Black Spruce","Terrestrial","EC",49.6925,-74.3421,88,8,"2003","2010","CO2","Y","N",0.0507699996232986,0.370067954063416,5.1187801361084,0.735249996185303,0.350019991397858,-0.291666716337204,14.4833335876465,-16.9833335876465,983,124,47,32.8939399719238,353,148,335,178,11.5500001907349,24.3157901763916,1273.630859375,22.2000007629395,-25.2999992370605,47.5,13.216667175293,-9.36666679382324,0,1.16340005397797,5.38500022888184,461,211.574996948242,58.1749992370605,29.8250007629395,12.375,-4392942.28407432,-1231318.21009202
"Ranskalankorpi","Terrestrial","EC",61.182914,25.262622,92,5,"2019","2023","CO2","Y","N",0.0364699997007847,0.534145414829254,7.29786014556885,0.840049982070923,0.453330010175705,3.48749995231628,14.533332824707,-6.83333349227905,645,86,32,33.4901924133301,233,102,225,127,8.05833339691162,24.7948722839355,864.925476074219,21,-11.5,32.5,12.7666664123535,-3.03333330154419,0,1.26282489299774,5.15999984741211,537,309.924987792969,54.9500007629395,35.7750015258789,9.89999961853027,1363991.73944463,-2890425.73019503
"Resolute Bay Polar Desert","Terrestrial","EC",74.7279,-94.8985,2,1,"2024","2024","CO2 and CH4","N","N",0.189480006694794,-0.0532616265118122,0.275929987430573,0.201309993863106,0.09740000218153,-16.4583339691162,2.76666665077209,-32.5833320617676,148,34,3,72.1031494140625,79,12,69,13,6.21666622161865,13.6930980682373,1466.20385742188,8.30000019073486,-37.0999984741211,45.3999977111816,1.20000004768372,-31.9333324432373,1,1.24890005588531,7.19999980926514,453,204.050003051758,45.7999992370605,32.9749984741211,21.375,-1662753.18672394,142504.382100639
"Rosinedal-3","Terrestrial","EC",64.1725,19.738,77,7,"2014","2020","CO2","Y","N",0.0371799990534782,0.417068064212799,6.01573991775513,0.781589984893799,0.359059989452362,2.03749990463257,13.6499996185303,-9.06666660308838,609,82,30,33.0113067626953,220,97,214,115,8.95833301544189,26.1939582824707,916.03173828125,20.2999992370605,-13.8999996185303,34.1999969482422,12.0833330154419,-4.19999980926514,0,1.27255010604858,5.12750005722046,352,324.549987792969,57.8499984741211,36.5,6.25,963448.159243425,-2685193.54376705
"Rylekaerene","Terrestrial","EC",74.481511,-20.555689,11,2,"2008","2009","CO2 and CH4","N","N",0.125159993767738,0.139355361461639,1.58016002178192,0.499270021915436,0.228249996900558,-9.73333358764648,3.86666655540466,-20.0833320617676,248,34,7,37.3057098388672,87,28,59,80,5.18333339691162,16.2997913360596,1006.95385742188,8.5,-23.2999992370605,31.7999992370605,-19.7333335876465,-5.84999990463257,1,1.0011500120163,6.3600001335144,630,511.200012207031,60.5499992370605,27.2999992370605,12.375,-595526.709138408,-1588101.25634827
"Sag River","Terrestrial","EC",69.5056,-148.225,3,1,"1996","1996","CO2 and CH4","N","N",0.0855000019073486,0.331886380910873,2.89412999153137,0.699299991130829,0.432630002498627,-10.654167175293,8.80000019073486,-27.2666664123535,174,34,6,58.6480941772461,84,23,79,23,8.92500019073486,18.5550937652588,1513.17163085938,15.6999998092651,-32.4000015258789,48.1000022888184,6.83333349227905,-22.783332824707,1,0.894500017166138,6.27500009536743,1017,632.400024414062,30.0249996185303,50.0499992370605,20.1499996185303,-1184740.70244689,1912654.07829119
"Salmisuo","Terrestrial","EC",62.7833,30.9333,24,2,"2006","2007","CO2","Y","N",0.0284499991685152,0.453595131635666,5.31677007675171,0.754930019378662,0.327349990606308,2.23749995231628,14.6000003814697,-9.60000038146973,652,84,34,31.8879051208496,228,104,226,130,7.875,22.3087825775146,971.372314453125,21.2999992370605,-14,35.2999992370605,12.6333332061768,-4.51666688919067,0,1.32187497615814,5.21750020980835,669,370.75,52.5,34.5750007629395,13.6999998092651,1548187.38581702,-2583424.04554336
"Sammaltunturi fell","Terrestrial","EC",67.9733,24.11565,12,1,"2012","2012","CO2","Y","N",0.0846399962902069,0.276515752077103,3.70318984985352,0.723640024662018,0.423189997673035,-2.36666655540466,10.4833335876465,-14.0166664123535,558,88,28,41.706241607666,229,88,229,94,8.90000057220459,24.0540542602539,988.4775390625,17.1000003814697,-19.8999996185303,37,10.4833335876465,-8.66666698455811,0.0195319168269634,1.17405009269714,5.22749996185303,401,326.174987792969,53.0250015258789,37.9000015258789,9.69999980926514,989572.608991653,-2210597.14174689
"Samoylov Island","Terrestrial","EC",72.373811037931,126.495796129557,203,16,"2002","2017","CO2","Y","N",0.0740799978375435,0.263679951429367,1.8532600402832,0.543950021266937,0.229980006814003,-12.8958330154419,6.93333339691162,-29.9500007629395,296,45,11,44.3395042419434,121,42,121,55,6.27500009536743,13.2105264663696,1547.85546875,13.3000001907349,-34.2000007629395,47.5,6.93333339691162,-24.7000007629395,1,1.14139997959137,5.60750007629395,613,292.125,46.5250015258789,36.7750015258789,16.9249992370605,1551340.00084548,1147755.07692322
"Saskatchewan - Western Boreal, Jack Pine harvested in 1975","Terrestrial","EC",53.8758,-104.6453,37,4,"2003","2006","CO2","Y","N",0.0688399970531464,0.302272379398346,6.39669990539551,0.7014200091362,0.313279986381531,-0.170833379030228,15.5500001907349,-17.8500003814697,473,87,15,61.2131576538086,225,52,225,56,11.7416667938232,23.8651752471924,1354.57043457031,23.2000007629395,-26,49.2000007629395,15.5500001907349,-15.0500001907349,0,1.33657491207123,6.21500015258789,201,100.400001525879,69.5250015258789,17.25,13.3500003814697,-3923382.39570275,1025277.67758451
"Saskatchewan - Western Boreal, Jack Pine harvested in 2002","Terrestrial","EC",53.945,-104.649,48,4,"2004","2007","CO2","Y","N",0.0828799977898598,0.180730238556862,5.40764999389648,0.683600008487701,0.339190006256104,-0.295833349227905,15.4666662216187,-18.0166664123535,478,88,15,60.8433418273926,227,54,227,56,11.7749996185303,23.8843803405762,1358.06921386719,23.1000003814697,-26.2000007629395,49.3000030517578,15.4666662216187,-15.216667175293,0.0730474293231964,1.35424995422363,6.03749990463257,311,104.625,72.5749969482422,15.875,11.9250001907349,-3915298.90901776,1023435.37098111
"Saskatchewan - Western Boreal, Mature Aspen","Terrestrial","EC",53.6289,-106.1978,176,15,"1996","2010","CO2","Y","N",0.0535300001502037,0.0655342042446136,5.85563993453979,0.868369996547699,0.577269971370697,0.599999904632568,15.25,-15.7333335876465,470,84,15,57.3335266113281,217,54,217,54,11.8333330154419,25.7806835174561,1265.69604492188,22.5,-23.3999996185303,45.9000015258789,15.25,-15.7333335876465,0,1.36417508125305,6.32999992370605,144,114.300003051758,47.9249992370605,30.9500007629395,21.125,-3922581.63867077,1139451.98635736
"Saskatchewan - Western Boreal, Mature Black Spruce","Terrestrial","EC",53.9872,-105.1178,140,12,"1999","2010","CO2","Y","N",0.0413599982857704,0.458629667758942,6.41794013977051,0.731700003147125,0.319950014352798,0.0791666433215141,15.0500001907349,-16.6166667938232,471,89,15,61.2165870666504,226,52,226,58,11.1416664123535,23.9091567993164,1284.87963867188,22.1000003814697,-24.5,46.5999984741211,15.0500001907349,-13.7666664123535,0,1.29847502708435,6.15000009536743,397,84.125,61.7750015258789,23.3500003814697,14.3249998092651,-3901917.0616091,1054118.58789404
"Saskatchewan - Western Boreal, Mature Jack Pine","Terrestrial","EC",53.9162895454545,-104.691924924242,132,11,"2000","2010","CO2","Y","N",0.063230000436306,0.319694936275482,6.68894004821777,0.750919997692108,0.337410002946854,-0.32916659116745,15.3000001907349,-17.9500007629395,473,89,15,61.8012886047363,226,52,226,56,11.7749996185303,24.0306129455566,1348.52685546875,22.8999996185303,-26.1000003814697,49,15.3000001907349,-15.1333332061768,0.000293169025098905,1.32419991493225,6.16249990463257,287,126.599998474121,72.125,16.1000003814697,12.2250003814697,-3917856.34119828,1027240.21928987
"Saskatchewan - Western Boreal, forest burned in 1977","Terrestrial","EC",54.485,-105.8176,41,4,"2003","2006","CO2","N","N",0.100189998745918,-0.0239294338971376,4.65849018096924,0.684409976005554,0.329849988222122,-0.0916666463017464,14.8833332061768,-16.6000003814697,499,91,16,60.000373840332,233,55,233,57,11.5,24.7844829559326,1281.20825195312,22.1000003814697,-24.2999992370605,46.4000015258789,14.8833332061768,-13.7833337783813,0.000476925837574527,1.30815005302429,6.42500019073486,355,104.474998474121,59.2000007629395,24.1000003814697,17,-3831499.76041893,1085476.45189803
"Saskatchewan - Western Boreal, forest burned in 1989","Terrestrial","EC",54.2539,-105.8775,48,5,"2001","2005","CO2","N","N",0.0551699995994568,0.251974523067474,6.05237007141113,0.779670000076294,0.415849983692169,0.287500023841858,15.2666664123535,-16.3333339691162,486,88,16,59.6332969665527,228,54,228,55,11.8083333969116,25.39426612854,1286.53015136719,22.6000003814697,-23.8999996185303,46.5,15.2666664123535,-13.3666667938232,0.0147267132997513,1.30592501163483,6.46000003814697,257,113.125,56.7249984741211,24.4500007629395,19.25,-3856914.37338751,1097033.63588794
"Saskatchewan - Western Boreal, forest burned in 1998","Terrestrial","EC",54.0916,-106.0053,59,6,"2001","2006","CO2","N","N",0.0471599996089935,0.342814981937408,6.75283002853394,0.810720026493073,0.456820011138916,0.404166638851166,15.2333335876465,-15.9833335876465,482,86,16,59.1748199462891,225,55,225,55,11.6750001907349,25.4357299804688,1270.01867675781,22.5,-23.3999996185303,45.9000015258789,15.2333335876465,-13.0333337783813,0.00190357223618776,1.3478000164032,6.57000017166138,536,121.324996948242,59.2249984741211,23.2250003814697,17.5750007629395,-3873112.86107056,1110984.98235505
"Scotty Creek Bog","Terrestrial","EC",61.3089,-121.2985,105,9,"2014","2022","CO2 and CH4","Y","Y",0.0646599978208542,0.380178511142731,4.30224990844727,0.712939977645874,0.370649993419647,-2.51250004768372,15.1666669845581,-21.1333332061768,414,74,15,57.0315818786621,196,51,196,56,12.6750001907349,24.375,1498.67993164062,23.7000007629395,-28.2999992370605,52,15.1666669845581,-10.5666666030884,0.889689266681671,0.960650026798248,6.03749990463257,1213,434.950012207031,37.75,39.125,24.125,-2718541.16114562,1652801.45424228
"Scotty Creek Landscape","Terrestrial","EC",61.3082,-121.299,108,9,"2013","2022","CO2 and CH4","Y","Y",0.048369999974966,0.399005830287933,3.80375003814697,0.644879996776581,0.26774999499321,-2.51666665077209,15.1833333969116,-21.1666660308838,414,74,16,56.0877914428711,194,52,194,56,12.6833333969116,24.2975730895996,1500.52160644531,23.7999992370605,-28.3999996185303,52.1999969482422,15.1833333969116,-10.5666666030884,0.832620561122894,0.960650026798248,6.03749990463257,1213,434.950012207031,37.75,39.125,24.125,-2718595.81175819,1652867.17400433
"Seida","Terrestrial","EC",67.05467987,62.94046783,12,1,"2008","2008","CO2 and CH4","N","N",0.0763899981975555,0.343977391719818,3.25922989845276,0.745840013027191,0.426090002059937,-5.35416698455811,10.4666662216187,-19.6666660308838,547,66,28,27.6802520751953,188,92,180,110,9.10833358764648,20.2407417297363,1226.23120117188,19.2999992370605,-25.7000007629395,45,9.53333282470703,-14.1666669845581,0.450014412403107,0.630625009536743,5.20499992370605,965,481.225006103516,38.1500015258789,43.2249984741211,18.7000007629395,2249116.67196447,-1148927.34692862
"Siikaneva","Terrestrial","EC",61.8326779972,24.1927939972,225,19,"2005","2023","CO2 and CH4","Y","Y",0.064750000834465,0.486493706703186,5.43182992935181,0.713230013847351,0.43843001127243,3.19583344459534,14.2333335876465,-7.05000019073486,666,88,32,32.4034881591797,239,108,232,128,8.42500019073486,25.6079025268555,861.036560058594,21,-11.8999996185303,32.9000015258789,12.3999996185303,-3.36666655540466,0,1.31155002117157,5.20499992370605,563,283.049987792969,48.4000015258789,36.7999992370605,15.25,1279062.29723944,-2847000.27498848
"Siikaneva2","Terrestrial","EC",61.8372,24.1967,60,5,"2012","2016","CO2 and CH4","Y","Y",0.0644899979233742,0.368758678436279,5.76750993728638,0.707019984722137,0.38102999329567,3.19583344459534,14.25,-7.06666660308838,664,89,31,32.7000045776367,239,107,232,127,8.44166660308838,25.658561706543,862.052124023438,21,-11.8999996185303,32.9000015258789,12.3999996185303,-3.36666655540466,0,1.31155002117157,5.20499992370605,563,283.049987792969,48.4000015258789,36.7999992370605,15.25,1279042.8198339,-2846437.80143526
"Skyttorp 1","Terrestrial","EC",60.125,17.91805556,48,4,"2005","2008","CO2","Y","N",0.0558499991893768,0.335795402526855,7.25971984863281,0.808899998664856,0.478410005569458,5.44166660308838,14.8500003814697,-2.91666674613953,616,77,30,30.0512771606445,213,103,205,125,7.66666650772095,27.4790916442871,724.220031738281,21,-6.90000009536743,27.8999996185303,13.7333335876465,-0.316666692495346,0,1.24857497215271,5.35500001907349,626,465.325012207031,57.7249984741211,28.2749996185303,14.5500001907349,1020994.64432315,-3157657.71985768
"Skyttorp 2","Terrestrial","EC",60.12966667,17.84005556,12,2,"2004","2005","CO2","N","N",0.0417400002479553,0.448362708091736,8.00693988800049,0.824119985103607,0.443120002746582,5.33333349227905,14.7666664123535,-3.01666665077209,630,80,31,29.1699867248535,217,106,208,128,7.66666650772095,27.380952835083,725.522827148438,21,-7,28,13.6499996185303,-0.400000005960464,0,1.23565006256104,5.15999984741211,660,437.049987792969,63.5750007629395,23.9249992370605,13.2749996185303,1016529.03427182,-3158529.04545762
"Smith Creek","Terrestrial","EC",63.1533,-123.255,63,6,"2017","2022","CO2 and CH4","N","Y",0.0571000017225742,0.398593962192535,3.97589993476868,0.650059998035431,0.29721999168396,-4.77916669845581,14.8166666030884,-25.4166660308838,351,58,13,52.3663711547852,159,43,159,50,11.1583337783813,20.3619232177734,1652.42724609375,23,-31.7999992370605,54.7999992370605,14.8166666030884,-14.3166666030884,0.97931045293808,1.15257489681244,6.49749994277954,323,172.850006103516,46.75,36.9000015258789,17.125,-2483101.13279872,1628302.29370786
"Sodankyla","Terrestrial","EC",67.3618,26.6382,168,14,"2001","2014","CO2","Y","N",0.0535800009965897,0.369159132242203,4.14609003067017,0.733300030231476,0.334399998188019,-0.82916671037674,12.3166666030884,-13.1666669845581,514,66,28,30.9892826080322,184,85,184,97,8.875,23.3552627563477,1023.57098388672,19.2999992370605,-18.7000007629395,38,12.3166666030884,-7.51666688919067,0.0149412443861365,1.27255010604858,5.44750022888184,573,290.875,63.2999992370605,29.8999996185303,6.59999990463257,1116812.00117575,-2226513.05410384
"Southern Khentei Taiga","Terrestrial","EC",48.351861,108.654333,48,4,"2003","2006","CO2","Y","N",0.0557800009846687,0.000910676782950759,5.17873001098633,0.842190027236938,0.489699989557266,-2.86249995231628,14.4333333969116,-21.8166656494141,351,105,3,116.793182373047,249,9,249,9,15.9416666030884,29.2507648468018,1472.12145996094,22.7000007629395,-31.7999992370605,54.5,14.4333333969116,-21.8166656494141,0.890382826328278,1.32677507400513,6.92999982833862,315,267.475006103516,45.7249984741211,35.5750007629395,18.7749996185303,4479141.28054555,1512127.67917075
"Steen River","Terrestrial","EC",59.6,-117.3,37,4,"2020","2023","CO2","Y","N",0.0774200037121773,0.159905821084976,4.34283018112183,0.716319978237152,0.364760011434555,-1.95833337306976,14.7166662216187,-20.4166660308838,352,57,15,49.1264762878418,154,47,154,51,12.533332824707,24.6234455108643,1442.26281738281,23,-27.8999996185303,50.9000015258789,14.7166662216187,-9.85000038146973,0.375324994325638,1.20180010795593,6.70499992370605,639,195.199996948242,35.4500007629395,33.5750007629395,31.7749996185303,-3003203.91442377,1550069.12623184
"Stordalen","Terrestrial","EC",68.37,19.05,3,1,"1996","1996","CH4","Y","Y",0.0132099995389581,0.26134791970253,3.1502799987793,0.750389993190765,0.192049995064735,-0.579166650772095,10.3666667938232,-10.5500001907349,370,61,14,41.7143135070801,141,52,141,82,8.04166698455811,25.1302089691162,849.201354980469,16.1000003814697,-15.8999996185303,32,10.3666667938232,-1.93333339691162,0.0044873058795929,1.16912496089935,6.0149998664856,423,289.200012207031,48.0750007629395,42.5999984741211,9.89999961853027,775947.307811657,-2247142.30628645
"Stordalen Fen","Terrestrial","EC",68.354,19.0505,88,8,"2012","2019","CO2 and CH4","Y","Y",0.0568200014531612,0.320575833320618,3.26479005813599,0.71492999792099,0.333020001649857,-0.745833337306976,10.5166664123535,-11,370,62,15,41.9074172973633,143,54,143,80,8.14166641235352,24.8221549987793,873.302124023438,16.3999996185303,-16.3999996185303,32.7999992370605,10.5166664123535,-2.03333330154419,0.0155582372099161,1.18069994449615,6.03999996185303,464,364.950012207031,55.9500007629395,35.9000015258789,8.72500038146973,776554.252306746,-2248836.40657927
"Stordalen Palsa Bog","Terrestrial","EC",68.3559428,19.0452089,104,9,"2014","2023","CO2 and CH4","Y","Y",0.0568200014531612,0.320575833320618,3.26479005813599,0.71492999792099,0.333020001649857,-0.741666674613953,10.5,-10.9666662216187,370,62,15,41.9074172973633,143,54,143,80,8.11666679382324,24.8216114044189,871.677673339844,16.3999996185303,-16.2999992370605,32.6999969482422,10.5,-2.03333330154419,0.0217887591570616,1.17297494411469,6.02750015258789,464,390.200012207031,56.0750007629395,36.0499992370605,8.25,776275.275809561,-2248701.56993047
"Stortjarn","Terrestrial","EC",64.17498,19.56381,33,3,"2020","2022","CO2 and CH4","Y","Y",0.047919999808073,0.48073410987854,5.82798004150391,0.783219993114471,0.406520009040833,1.75,13.25,-9.10000038146973,623,81,32,31.7596702575684,224,102,214,118,8.81666660308838,26.2400798797607,903.093139648438,19.7999992370605,-13.8000001907349,33.5999984741211,11.6999998092651,-4.46666669845581,0,1.28980004787445,5.06500005722046,620,527.174987792969,62.125,30.5499992370605,7.17500019073486,955185.435784755,-2687843.46686721
"Svartberget","Terrestrial","EC",64.2561,19.7745,108,9,"2014","2023","CO2","Y","N",0.0354700013995171,0.514659643173218,7.16203022003174,0.80852997303009,0.372150003910065,1.60416662693024,13.1499996185303,-9.28333377838135,619,87,31,34.0431671142578,226,98,224,118,8.85833358764648,26.1307773590088,905.572265625,19.8999996185303,-14,33.9000015258789,11.5666666030884,-4.59999990463257,0,1.24930000305176,5.10500001907349,307,305.024993896484,61.7750015258789,31.4249992370605,7.25,961930.755478115,-2675601.15052857
"Tervalamminsuo","Terrestrial","EC",60.645567,23.972,252,11,"2012","2022","CO2","Y","N",0.0492900013923645,0.440766870975494,6.57960987091064,0.758769989013672,0.404029995203018,4.32916688919067,14.9499998092651,-5.38333320617676,661,80,34,29.2933368682861,221,110,213,142,7.95833301544189,25.2645511627197,825.523132324219,21.2999992370605,-10.1999998092651,31.5,13.2666664123535,3.23333334922791,0,1.25092506408691,5.37249994277954,670,399.25,54.6500015258789,33.8250007629395,11.8999996185303,1323798.17913394,-2977214.17340592
"Tiksi","Terrestrial","EC",71.5944,128.888,54,5,"2010","2014","CO2","Y","N",0.0949100032448769,0.326810479164124,2.23565006256104,0.608900010585785,0.335319995880127,-13.2875003814697,5.84999990463257,-29.7999992370605,319,49,13,43.5994110107422,127,41,127,85,7.40833377838135,15.9319000244141,1517.4951171875,11.5,-35,46.5,5.84999990463257,-17.3999996185303,1,0.978424966335297,6.01999998092651,511,365.774993896484,49.9749984741211,30.9750003814697,19.4750003814697,1569588.6313384,1265955.69048126
"Tombstone_slavin","Terrestrial","EC",64.70989,-138.4102,35,3,"2020","2022","CO2","N","N",0.101640000939369,0.276954382658005,2.75376987457275,0.629379987716675,0.385060012340546,-7.4375,9.96666717529297,-22.8500003814697,407,67,12,50.1354484558105,181,53,181,77,12.8083333969116,25.7712936401367,1369.98364257812,18.7000007629395,-31,49.7000007629395,9.96666717529297,-16.5,0.891803622245789,1.09200000762939,5.75750017166138,614,415.100006103516,47.3499984741211,37.7000007629395,15.7250003814697,-1852998.06793907,2087830.46760302
"Trail Valley Creek","Terrestrial","EC",68.7462,-133.5017,117,10,"2013","2022","CO2 and CH4","Y","Y",0.0978600010275841,0.330899178981781,3.08736991882324,0.68452000617981,0.434949994087219,-9.40416622161865,10.9333333969116,-26.533332824707,219,37,10,46.3117027282715,91,30,85,33,8.625,17.1812763214111,1567.39135742188,18.2999992370605,-31.8999996185303,50.1999969482422,8.64999961853027,-21.5833339691162,0.987023651599884,1.02012503147125,5.30000019073486,729,386.674987792969,25.4500007629395,39.625,35.7750015258789,-1693742.77183739,1607397.38839906
"Tura","Terrestrial","EC",64.2074606060606,100.459056818182,33,7,"2004","2023","CO2","N","N",0.0786999985575676,0.229128763079643,3.25797986984253,0.704909980297089,0.359880000352859,-9.14583301544189,13.5666666030884,-33.2333335876465,368,61,10,55.7849578857422,167,37,167,48,11.625,18.1640625,1899.18579101562,23.3999996185303,-40.5999984741211,64,13.5666666030884,-28.6833324432373,0.999403536319733,1.15587496757507,5.73999977111816,609,387.5,40.9500007629395,36.9000015258789,22.1499996185303,2801481.47775819,517153.488287811
"UCI-1850 burn site","Terrestrial","EC",55.8792,-98.4839,40,4,"2002","2005","CO2","Y","N",0.0440200008451939,0.42918273806572,5.66652011871338,0.758009970188141,0.326979994773865,-3.07916665077209,14.3999996185303,-22.5,512,84,16,53.8252830505371,225,57,225,61,11.8083333969116,22.5349884033203,1495.83581542969,22.3999996185303,-30,52.4000015258789,14.3999996185303,-19.8500003814697,0.0223228484392166,1.22782492637634,6.66249990463257,998,200.600006103516,30.2000007629395,20.4500007629395,49.5750007629395,-3774715.42966302,563050.667663069
"UCI-1930 burn site","Terrestrial","EC",55.9058,-98.5247,50,5,"2001","2005","CO2","Y","N",0.0392099991440773,0.456834644079208,5.97877979278564,0.777180016040802,0.342159986495972,-3.12916684150696,14.3500003814697,-22.5166664123535,511,83,17,53.2415924072266,224,57,224,62,11.7250003814697,22.418737411499,1493.99475097656,22.2999992370605,-30,52.2999992370605,14.3500003814697,-19.8833332061768,0.0416649878025055,1.27579998970032,6.71750020980835,750,287.424987792969,30.5249996185303,21.2250003814697,48.5999984741211,-3771196.56916673,565271.271803785
"UCI-1964 burn site","Terrestrial","EC",55.9117,-98.3822,50,5,"2001","2005","CO2","Y","N",0.0468199998140335,0.38580185174942,5.30673027038574,0.74260002374649,0.35741001367569,-3.14583349227905,14.3166666030884,-22.5666675567627,513,83,17,53.1073760986328,223,58,223,61,11.8583335876465,22.5873031616211,1494.31262207031,22.3999996185303,-30.1000003814697,52.5,14.3166666030884,-19.8666667938232,0.460421532392502,1.05194997787476,6.57499980926514,1310,379.875,15.9499998092651,22.5750007629395,62.0750007629395,-3771899.23417307,555788.312021723
"UCI-1964 burn site wet","Terrestrial","EC",55.9144,-98.3806,33,3,"2003","2005","CO2","N","N",0.0468199998140335,0.38580185174942,5.30673027038574,0.74260002374649,0.35741001367569,-3.14583349227905,14.3166666030884,-22.5666675567627,513,83,17,53.1073760986328,223,58,223,61,11.8583335876465,22.5873031616211,1494.31262207031,22.3999996185303,-30.1000003814697,52.5,14.3166666030884,-19.8666667938232,0.460421532392502,1.05194997787476,6.57499980926514,1310,379.875,15.9499998092651,22.5750007629395,62.0750007629395,-3771598.28565938,555636.358126481
"UCI-1981 burn site","Terrestrial","EC",55.8631,-98.485,50,5,"2001","2005","CO2","Y","N",0.046569999307394,0.39178854227066,5.32402992248535,0.793489992618561,0.389990001916885,-3.04166674613953,14.4166669845581,-22.466667175293,513,83,17,52.0960998535156,222,60,222,63,11.8333330154419,22.5826969146729,1495.70727539062,22.3999996185303,-30,52.4000015258789,14.4166669845581,-19.8333339691162,0.586781442165375,1.20380008220673,6.47249984741211,673,270.549987792969,32.7249984741211,20.2250003814697,47.3499984741211,-3776591.60338424,563404.64354779
"UCI-1989 burn site","Terrestrial","EC",55.9167,-98.9644,48,5,"2001","2005","CO2","Y","N",0.0465900003910065,0.356864809989929,5.57494974136353,0.831770002841949,0.488380014896393,-2.94166660308838,14.5166664123535,-22.3666667938232,510,84,18,52.5545768737793,221,60,221,62,11.5333337783813,22.0945091247559,1496.62316894531,22.2000007629395,-30,52.2000007629395,14.5166664123535,-19.8833332061768,0.298845320940018,1.29597496986389,6.21999979019165,800,250.125,32,27.1000003814697,41.5499992370605,-3765471.93158358,593994.08124998
"UCI-1998 burn site","Terrestrial","EC",56.6358,-99.9483,41,4,"2002","2005","CO2","Y","N",0.0444400012493134,0.327340960502625,4.80220985412598,0.776189982891083,0.421400010585785,-3.28749990463257,14.6333332061768,-22.8666667938232,499,86,18,56.7011413574219,225,58,225,60,11.7083330154419,22.0081443786621,1521.27661132812,22.6000003814697,-30.6000003814697,53.2000007629395,14.6333332061768,-20.466667175293,0.248159050941467,1.22312498092651,6.28499984741211,520,247.699996948242,35.625,26.2000007629395,38.7999992370605,-3670958.75410352,643874.192825908
"Udleg practice forest","Terrestrial","EC",48.25638888,106.8511111,36,3,"2010","2012","CO2","N","N",0.0728100016713142,0.0116169694811106,4.64492988586426,0.805400013923645,0.505989968776703,-1.44999992847443,15.9833335876465,-21.1333332061768,291,79,1,118.789375305176,212,5,212,5,14.1833333969116,26.5109024047852,1503.44006347656,23.7000007629395,-29.7999992370605,53.5,15.9833335876465,-21.1333332061768,0.206039041280746,1.32397496700287,7.07499980926514,323,206.699996948242,44.2750015258789,38.4000015258789,17.7000007629395,4535819.80117644,1373860.96718278
"Umiujaq","Terrestrial","EC",56.556557,-76.48234,35,4,"2017","2020","CO2","Y","N",0.139589995145798,0.041701678186655,2.31356000900269,0.556280016899109,0.310820013284683,-3.59166669845581,10.6999998092651,-20.0833339691162,588,92,21,52.3067855834961,249,64,204,67,4.88333320617676,12.1778888702393,1256.30383300781,15.3000001907349,-24.7999992370605,40.0999984741211,6.68333339691162,-15.2666664123535,0.146765097975731,1.04330003261566,5.37750005722046,420,352.049987792969,53.8499984741211,35.4749984741211,10.875,-3632848.54445698,-873354.132519716
"University of Alaska, Fairbanks","Terrestrial","EC",64.86627,-147.85553,252,21,"2003","2023","CO2 and CH4","Y","N",0.0604100003838539,0.271075695753098,4.11250019073486,0.714940011501312,0.342639982700348,-2.77500009536743,14.6499996185303,-20.1166667938232,298,46,6,51.6143684387207,129,29,129,52,11.4499998092651,23.415132522583,1440.78186035156,22.3999996185303,-26.5,48.9000015258789,14.6499996185303,-10.1000003814697,0.295104205608368,1.17252504825592,6.41499996185303,466,212.375,20.8500003814697,70.375,9.14999961853027,-1475775.21042446,2348536.03586863
"Varrio","Terrestrial","EC",67.7549,29.6367123333333,144,12,"2012","2023","CO2","Y","N",0.0576299987733364,0.36745011806488,4.50128984451294,0.745859980583191,0.331160008907318,-0.654166698455811,11.0666666030884,-11.1999998092651,576,77,28,34.1161117553711,214,94,214,97,6.45833349227905,19.9948406219482,897.254577636719,17.1000003814697,-15.1999998092651,32.2999992370605,11.0666666030884,-10.0500001907349,9.4475835794583e-06,1.28349995613098,5.27250003814697,272,176.175003051758,58.5,33.75,8.17500019073486,1209832.72403004,-2126516.98379019
"Wolf_creek_Buckbrush","Terrestrial","EC",60.521631,-135.19715,96,8,"2015","2022","CO2","N","N",0.0756999999284744,0.16507987678051,3.60002994537354,0.744530022144318,0.4201799929142,-3.41249990463257,9.03333282470703,-15.3000001907349,403,48,6,35.7232856750488,136,49,131,107,10.9250001907349,27.7284259796143,997.535888671875,16.7999992370605,-22.6000003814697,39.4000015258789,7.69999980926514,-4.29999971389771,0.167217627167702,1.16269993782043,5.55749988555908,217,180.074996948242,59.8250007629395,27.8250007629395,12.7250003814697,-2306112.76012865,2322037.90351927
"Wolf_creek_SparseShrub","Terrestrial","EC",60.545119,-135.191,96,8,"2015","2022","CO2","N","N",0.0828699991106987,0.180743888020515,3.13608002662659,0.695760011672974,0.40557000041008,-3.375,9.05000019073486,-15.3000001907349,395,48,6,36.1860198974609,137,49,130,103,10.9166669845581,27.707275390625,998.327026367188,16.7999992370605,-22.6000003814697,39.4000015258789,7.75,-4.25,0.3194739818573,1.16482496261597,5.53000020980835,272,220.899993896484,59.5999984741211,27.7999992370605,13.1499996185303,-2304443.88946647,2319859.4263978
"Wolf_creek_forest","Terrestrial","EC",60.596886,-134.952833,71,6,"2017","2022","CO2","Y","N",0.0573000013828278,0.351406335830688,5.43262004852295,0.68231999874115,0.332210004329681,-0.933333516120911,12.4333324432373,-15.6666669845581,274,38,5,45.0423889160156,111,29,104,57,11.0833330154419,25.5966129302979,1138.9375,20.2999992370605,-23,43.2999992370605,11.0166664123535,-6.98333358764648,0.00678582768887281,1.27289998531342,6.86250019073486,211,185.899993896484,62.2249984741211,27,11.0249996185303,-2309822.74721475,2306022.8924555
"Wolf_creek_upper_forest","Terrestrial","EC",60.58377,-135.08836,35,3,"2020","2022","CO2","N","N",0.0397000014781952,0.474183946847916,5.47531986236572,0.762799978256226,0.330700010061264,-2.79166674613953,10.033332824707,-15.6833333969116,331,45,4,43.0414657592773,126,33,120,83,11.1166667938232,27.246732711792,1049.91735839844,17.8999996185303,-22.8999996185303,40.7999992370605,8.71666622161865,-3.26666688919067,0.0335606969892979,1.19622492790222,5.68499994277954,335,158.75,60.0499992370605,27.3250007629395,13.25,-2305434.39233019,2312556.13794929
"YKD (burned)","Terrestrial","EC",61.2723,-163.2228,40,4,"2019","2022","CO2 and CH4","N","Y",0.0943399965763092,0.253083527088165,3.76493000984192,0.676750004291534,0.409189999103546,-0.970833361148834,11.7166662216187,-12.6666669845581,525,108,16,63.8775405883789,255,55,216,75,7.29166698455811,21.5729789733887,1009.83673095703,16.7999992370605,-17,33.7999992370605,10.8166666030884,-8.58333301544189,0.654940843582153,1.1065000295639,5.65000009536743,993,620.700012207031,30.0750007629395,53.25,16.8999996185303,-919575.27247361,3050166.3722566
"YKD (unburned)","Terrestrial","EC",61.254765,-163.25897,42,4,"2019","2022","CO2 and CH4","Y","Y",0.0897800028324127,0.355121910572052,3.92242002487183,0.666679978370667,0.425469994544983,-0.954166650772095,11.6833333969116,-12.6000003814697,528,108,17,62.7252388000488,254,57,217,75,7.24166679382324,21.4886245727539,1005.72784423828,16.7000007629395,-17,33.7000007629395,10.7833337783813,-8.53333282470703,0.628645956516266,1.09742510318756,5.58500003814697,1166,641.974975585938,33.0750007629395,52.4500007629395,14.6999998092651,-918232.973572086,3052685.8394611
"Yakutsk Spasskaya Pad Pine","Terrestrial","EC",62.241291,129.651336,48,4,"2004","2008","CO2","N","N",0.0635600015521049,0.305950611829758,4.70861005783081,0.741750001907349,0.380879998207092,-10.1541662216187,15.716667175293,-37.8666687011719,244,43,4,71.4351654052734,126,17,126,24,11.3249998092651,16.6789398193359,2208.32348632812,24.7000007629395,-43.2000007629395,67.9000015258789,15.716667175293,-32.2000007629395,0.999967992305756,1.44260001182556,6.69750022888184,432,212.675003051758,34.9500007629395,44,21.7000007629395,2366863.44445384,1961614.38577133
"Yakutsk Spasskaya Pad larch","Terrestrial","EC",62.2548086818182,129.536642454545,132,13,"2000","2014","CO2","N","N",0.067950002849102,0.155801489949226,3.93255996704102,0.778519988059998,0.437669992446899,-10.3208332061768,15.2666664123535,-37.716667175293,257,44,5,67.4251098632812,128,20,128,22,11.5250005722046,17.1248149871826,2185.16943359375,24.2000007629395,-43.0999984741211,67.3000030517578,15.2666664123535,-32.1166648864746,1,1.30519998073578,6.82999992370605,697,320,30.9500007629395,45.6500015258789,23.3250007629395,2369586.27095522,1955882.72782942
"ZOTTO Bog","Terrestrial","EC",60.8175,89.388889,11,4,"2013","2016","CO2","N","N",0.0524500012397766,0.51237016916275,4.92059993743896,0.796469986438751,0.468279987573624,-2.80416655540466,16.1166667938232,-21.8166656494141,575,71,22,33.9227027893066,197,77,195,103,9.74166679382324,18.5909671783447,1522.96435546875,24.7000007629395,-27.7000007629395,52.4000015258789,13.4833335876465,-11.4333333969116,0.0250889398157597,0.877400040626526,5.30000019073486,913,423.299987792969,43.8499984741211,35.2999992370605,21.1499996185303,3238168.45004171,-34539.287535214
"ZOTTO Forest","Terrestrial","EC",60.806944,89.3575,15,5,"2013","2017","CO2","N","N",0.0594599992036819,0.447684288024902,5.47344017028809,0.72136002779007,0.341179996728897,-2.90833330154419,15.8666667938232,-21.6166667938232,579,73,22,34.4375953674316,201,77,199,103,9.68333339691162,18.6576747894287,1504.01257324219,24.3999996185303,-27.5,51.9000015258789,13.216667175293,-11.4166669845581,0.0109527530148625,1.27344989776611,5.3600001335144,371,288.549987792969,47.9000015258789,33.9749984741211,18.375,3239370.64719078,-36326.9843340504
"Zackenberg Fen","Terrestrial","EC",74.4814622,-20.55495855,80,14,"2008","2022","CO2","Y","N",0.125159993767738,0.139355361461639,1.58016002178192,0.499270021915436,0.228249996900558,-9.73333358764648,3.86666655540466,-20.0833320617676,248,34,7,37.3057098388672,87,28,59,80,5.18333339691162,16.2997913360596,1006.95385742188,8.5,-23.2999992370605,31.7999992370605,-19.7333335876465,-5.84999990463257,1,1.0011500120163,6.3600001335144,630,511.200012207031,60.5499992370605,27.2999992370605,12.375,-595508.357602713,-1588113.90161776
"Zackenberg Heath","Terrestrial","EC",74.4732987840909,-20.5508625340909,88,18,"1997","2022","CO2","N","N",0.14326000213623,0.102693781256676,1.53593003749847,0.484999984502792,0.224169999361038,-9.54583358764648,4.05000019073486,-19.9166679382324,238,33,7,37.2275543212891,83,27,57,76,5.22499990463257,16.3793106079102,1007.39416503906,8.69999980926514,-23.2000007629395,31.9000015258789,-19.6000003814697,-5.63333320617676,1,0.933299958705902,6.3899998664856,598,478.225006103516,61.2249984741211,26.0750007629395,12.8249998092651,-595711.739158532,-1589001.8109282
"Zotino","Terrestrial","EC",60.8008,89.3507,23,3,"2002","2004","CO2","N","N",0.0594599992036819,0.447684288024902,5.47344017028809,0.72136002779007,0.341179996728897,-2.90833330154419,15.8666667938232,-21.6166667938232,579,73,22,34.4375953674316,201,77,199,103,9.68333339691162,18.6576747894287,1504.01257324219,24.3999996185303,-27.5,51.9000015258789,13.216667175293,-11.4166669845581,0.0109527530148625,1.27344989776611,5.3600001335144,371,288.549987792969,47.9000015258789,33.9749984741211,18.375,3240077.35950701,-36719.4985496016
"Zotino; Central Siberia","Terrestrial","EC",60.7540245,89.385,6,2,"1999","2000","CO2","N","N",0.0725200027227402,0.449868142604828,4.38035011291504,0.71995997428894,0.408980011940002,-2.77500009536743,16.1333332061768,-21.7000007629395,578,73,22,34.8291320800781,202,76,198,103,9.78333282470703,18.7061824798584,1516.91748046875,24.7999992370605,-27.5,52.2999992370605,13.4666662216187,-11.3666667938232,0.0365581624209881,0.980624973773956,5.3600001335144,677,368.274993896484,45.4249992370605,34.9749984741211,19.8250007629395,3245512.76486417,-34837.9414012837
