"","site","means","Latitude","Longitude","country","State","Population","rank"
"1","Yessey",-0.0331923365456986,68.483738,102.166622,"Russia","Evenk",10,1
"2","Menkere",-0.0300732575683138,67.988601,123.350496,"Russia","Sakha (Yakutia)",10,2
"3","Ust Kuyga",-0.02930107372082,70.017056,135.600033,"Russia","Sakha (Yakutia)",1517,3
"4","Govorovo",-0.0284420194005303,70.211359,125.993281,"Russia","Sakha (Yakutia)",943,4
"5","Natara",-0.0252116107000601,68.410616,123.9255,"Russia","Sakha (Yakutia)",10,5
"6","Zhilinda",-0.0240280566744771,70.133689,114.000008,"Russia","Sakha (Yakutia)",10,6
"7","Tunguskhaya",-0.0235690967710608,64.900443,125.250019,"Russia","Sakha (Yakutia)",10,7
"8","Susuman",-0.0233176063145013,62.783337,148.166759,"Russia","Maga Buryatdan",7367,8
"9","Kavache",-0.0222139214137933,70.733291,136.216636,"Russia","Sakha (Yakutia)",-99,9
"10","Udachnyy",-0.0197678704507236,66.423167,112.39654,"Russia","Sakha (Yakutia)",15266,10
"11","Omolon",-0.0192334030581423,65.249982,160.500012,"Russia","Chukchi Autonomous Okrug",1050,11
"12","Omsukchan",-0.0185220916528976,62.533275,155.80004,"Russia","Maga Buryatdan",4201,12
"13","Tynda",-0.0179683832454168,55.174267,124.707571,"Russia","Amur",37335,13
"14","Krasnoturinsk",-0.0171398939647124,59.794786,60.484773,"Russia","Sverdlovsk",64878,14
"15","Put Lenina",-0.0165850222165947,68.516631,107.799973,"Russia","Sakha (Yakutia)",298,15
"16","Chegdomyn",-0.0161683767654994,51.117796,133.024118,"Russia","Khabarovsk",14855,16
"17","Ust Nera",-0.0155500792591072,64.566587,143.199983,"Russia","Sakha (Yakutia)",9148,17
"18","Nizhneyansk",-0.0154641182219503,71.433326,136.066619,"Russia","Sakha (Yakutia)",400,18
"19","Olenek",-0.0147141859566526,68.525002,112.450025,"Russia","Sakha (Yakutia)",10,19
"20","Oymyakon",-0.0138291148590682,63.421446,142.769768,"Russia","Sakha (Yakutia)",500,20
"21","Ennadai",-0.0134447910145972,61.133283,-100.883336,"Canada","Nunavut",0,21
"22","Hearst",-0.0131144191228408,49.700492,-83.666583,"Canada","Ontario",5043,22
"23","Ust Kut",-0.012912673818003,56.764971,105.759994,"Russia","Irkutsk",25388,23
"24","Kirs",-0.0128744360377633,59.313833,52.245173,"Russia","Kirov",11385,24
"25","Bilibino",-0.0128373484389972,68.050406,166.333299,"Russia","Chukchi Autonomous Okrug",5757,25
"26","Neryungri",-0.0125735519049296,56.674046,124.710362,"Russia","Sakha (Yakutia)",66320,26
"27","Naujaat",-0.0123081786663568,66.529467,-86.282935,"Canada","Nunavut",1000,27
"28","Saskylakh",-0.0122646518259668,71.91663,114.08331,"Russia","Sakha (Yakutia)",1920,28
"29","Bodaybo",-0.0122324406998023,57.964975,114.32898,"Russia","Irkutsk",15933,29
"30","Fort Good Hope",-0.0121952543057894,66.266613,-128.633322,"Canada","Northwest Territories",597,30
"31","Vitim",-0.0120334151398954,59.451499,112.557822,"Russia","Sakha (Yakutia)",3843,31
"32","Igloolik Research Center ",-0.0112801310680906,69.366667,-81.8,"Canada",NA,NA,32
"33","Montana",-0.0112260412345178,62.079685,-150.072763,"United States","Alaska",10,33
"34","Artemovsk",-0.0111845454943087,54.348736,93.435527,"Russia","Krasnoyarsk",4948,34
"35","Gubakha",-0.0108956615737573,58.869132,57.588722,"Russia","Perm'",31424,35
"36","UCI-1998 burn site",-0.0107774037606998,56.6358,-99.9483,"Canada",NA,NA,36
"37","UCI-1989 burn site",-0.0105338659047116,55.9167,-98.9644,"Canada",NA,NA,37
"38","Sangar",-0.0103817074484376,63.924146,127.473914,"Russia","Sakha (Yakutia)",4633,38
"39","Baker Lake",-0.0102034309143991,64.31699,-96.016656,"Canada","Nunavut",1584,39
"40","Poronaysk",-0.0100080263194264,49.241554,143.085002,"Russia","Sakhalin",16677,40
"41","Holman",-0.00997340983196946,70.733369,-117.749981,"Canada","Northwest Territories",500,41
"42","Slyudyanka",-0.00995302226324309,51.653836,103.698828,"Russia","Irkutsk",18809,42
"43","Utkholok",-0.00994142403908591,57.550401,157.233338,"Russia","Kamchatka",10,43
"44","Sioux Lookout",-0.00991340405474062,50.262964,-91.916648,"Canada","Ontario",4570,44
"45","Big Beaver House",-0.00981702556514823,52.949984,-89.883284,"Canada","Ontario",10,45
"46","Cape Dorset",-0.00967733858602509,64.31252,-76.538579,"Canada","Nunavut",1326,46
"47","Nyukzha",-0.00963116878513777,56.531212,121.613083,"Russia","Amur",10,47
"48","Ivugivik",-0.00953227224864783,62.416641,-77.899984,"Canada","Québec",156,48
"49","Utikuma Region, Northern Study Area",-0.00945532133068719,56.0756,-115.4769,"Canada",NA,NA,49
"50","Arctic Bay",-0.00931293064329563,73.033306,-85.166621,"Canada","Nunavut",604,50
"51","Savissivik",-0.00926527832224404,76.019476,-65.112481,"Greenland",NA,66,51
"52","Dease Lake",-0.00904759020395082,58.450346,-130.033288,"Canada","British Columbia",303,52
"53","Grise Fiord",-0.0089059774365128,76.441651,-82.949986,"Canada","Nunavut",23,53
"54","Southern Khentei Taiga",-0.00885241564851806,48.351861,108.654333,"Mongolia",NA,NA,54
"55","Tobolsk",-0.00877495297877482,58.199793,68.264815,"Russia","Tyumen'",113800,55
"56","Klyuchi",-0.00862273735748645,56.29996,160.850016,"Russia","Kamchatka",1089,56
"57","Cochrane",-0.00860876941415333,49.067017,-81.016564,"Canada","Ontario",4441,57
"58","Khakhar",-0.00849925742499545,57.666595,135.430018,"Russia","Khabarovsk",10,58
"59","Omchak",-0.00845238922144795,61.633278,147.916697,"Russia","Maga Buryatdan",10,59
"60","Wiseman",-0.00843408771287905,67.410471,-150.107489,"United States","Alaska",14,60
"61","UCI-1930 burn site",-0.00841993135859488,55.9058,-98.5247,"Canada",NA,NA,61
"62","Kizel",-0.00836435852791183,59.064365,57.634301,"Russia","Perm'",22135,62
"63","Kimmirut",-0.00814248107355235,62.850026,-69.883316,"Canada","Nunavut",385,63
"64","UCI-1981 burn site",-0.00811490888891428,55.8631,-98.485,"Canada",NA,NA,64
"65","Bezhetsk",-0.00799473484132064,57.764729,36.689998,"Russia","Tver'",34736,65
"66","Tasiusaq",-0.00780826651826005,73.369002,-56.059814,"Greenland",NA,250,66
"67","Fort Nelson",-0.00764382213783809,58.816706,-122.532971,"Canada","British Columbia",6315,67
"68","Bakal",-0.00753279600952657,54.945883,58.795884,"Russia","Chelyabinsk",26559,68
"69","Uapishka Research Station",-0.00752817708892869,51.469444,-68.234306,"Canada",NA,NA,69
"70","UCI-1850 burn site",-0.00746061015191795,55.8792,-98.4839,"Canada",NA,NA,70
"71","Paulatuk",-0.00708062774394369,69.383322,-123.983321,"Canada","Northwest Territories",294,71
"72","Noyabrsk",-0.00694710280613765,63.166544,75.616511,"Russia","Yamal-Nenets",110572,72
"73","Bagdarin",-0.00692696430125506,54.433304,113.600032,"Russia","Buryat",4676,73
"74","Dolinsk",-0.00688940632046979,47.350429,142.800007,"Russia","Sakhalin",11989,74
"75","Srednekolymsk",-0.00686315365657791,67.450003,153.710039,"Russia","Sakha (Yakutia)",3459,75
"76","Boyarka",-0.00685009322749679,70.766984,97.500033,"Russia","Taymyr",35968,76
"77","Megion",-0.0067982449895648,61.060755,76.095345,"Russia","Khanty-Mansiy",48691,77
"78","Eastern Old Black Spruce (EOBS)",-0.00660360977945026,49.6925,-74.342,"Canada",NA,NA,78
"79","Bonanza Creek, 1920 Burn site near Delta Junction",-0.00659826328134462,63.8881,-145.7394,"United States",NA,NA,79
"80","Alert",-0.00652088360803686,82.483323,-62.249984,"Canada","Nunavut",125,80
"81","Svetogorsk",-0.00650701726385754,61.101321,28.917656,"Russia","Leningrad",30115,81
"82","Nogliki",-0.00646214631201148,51.833282,143.166703,"Russia","Sakhalin",10098,82
"83","Zlatoust",-0.00643807168077212,55.17499,59.649992,"Russia","Chelyabinsk",191366,83
"84","Maaninka",-0.0064305791861537,63.1635,27.2342,"Finland",NA,NA,84
"85","Kogalym",-0.00641725566076154,62.044622,74.494099,"Russia","Khanty-Mansiy",58192,85
"86","Alberta - Western Peatland - Poor Fen (Sphagnum moss)",-0.00633687826733196,55.5375,-112.3343,"Canada",NA,NA,86
"87","Athabasca, poor fen",-0.00633687826733196,55.5375,-112.335,"Canada",NA,NA,87
"88","Khorgo",-0.00624939384389231,73.483304,113.630004,"Russia","Sakha (Yakutia)",10,88
"89","Red Devil",-0.00616270213211768,61.760996,-157.312527,"United States","Alaska",25,89
"90","Rankin Inlet",-0.00612195653695828,62.816668,-92.09532,"Canada","Nunavut",2472,90
"91","Egvekinot",-0.00597910855930347,66.322132,-179.183723,"Russia","Chukchi Autonomous Okrug",2248,91
"92","Verkhoyansk",-0.00594429292110428,67.5447,133.384974,"Russia","Sakha (Yakutia)",1388,92
"93","Manitoba, Northern Old Black Spruce (BOREAS)",-0.0059003935052505,55.8796,-98.4808,"Canada",NA,NA,93
"94","DMI Geophysical Observatory Qaanaaq",-0.00581283956502822,77.466667,-69.216667,"Greenland",NA,NA,94
"95","Kudymkar",-0.00576199739264144,59.016177,54.633037,"Russia","Komi-Permyak",32423,95
"96","Yellowknife",-0.00575857732750633,62.442014,-114.396981,"Canada","Northwest Territories",19234,96
"97","Aldan",-0.00571293864442485,58.602998,125.38939,"Russia","Sakha (Yakutia)",24426,97
"98","Onega",-0.00571125602154474,63.927143,38.077148,"Russia","Arkhangel'sk",22693,98
"99","Volkhov",-0.0057018364308223,59.929093,32.338739,"Russia","Leningrad",45673,99
"100","Kangirsuk",-0.00568886228544929,60.024823,-69.999097,"Canada","Québec",549,100
"101","Nyac",-0.00557471490569861,61.004143,-159.940481,"United States","Alaska",100,101
"102","Numto Park Station",-0.00550297965856642,63.480987,70.717853,"Russia",NA,NA,102
"103","Alberta - Western Peatland - Rich Fen  (Carex)",-0.00548703713950408,54.47,-113.32,"Canada",NA,NA,103
"104","Athabasca, rich fen",-0.00548703713950408,54.47,-113.32,"Canada",NA,NA,104
"105","Uummannaq",-0.00541158755971559,70.675023,-52.122934,"Greenland",NA,1299,105
"106","Inukjuak",-0.00540575162859396,58.470009,-78.135991,"Canada","Québec",1597,106
"107","Brochet",-0.00540161665209375,57.883223,-101.666596,"Canada","Manitoba",278,107
"108","Orotuk Field Station",-0.00539989643656039,62.05,148.65,"Russia",NA,NA,108
"109","Flashline Mars Arctic Research Station",-0.005336664898401,75.430873,-89.823063,"Canada",NA,NA,109
"110","Mogocha",-0.00532712572767984,53.733321,119.766581,"Russia","Chita",12647,110
"111","Allakaket",-0.00528746099945789,66.565483,-152.6455,"United States","Alaska",97,111
"112","Churchill Falls",-0.00525639144590665,53.526409,-63.980679,"Canada","Newfoundland and Labrador",100,112
"113","Matagami",-0.00493166587537783,49.750386,-77.633282,"Canada","Québec",1966,113
"114","ZOTTO forest (old)",-0.00492600744221249,60.8008,89.3508,"Russia",NA,NA,114
"115","Quebec - 1975 Harvested Black Spruce (HBS75)",-0.00492357055600571,49.7598,-74.5711,"Canada",NA,NA,115
"116","Cat Lake",-0.00489674485582499,51.717036,-91.799989,"Canada","Ontario",277,116
"117","Jokioinen agricultural field",-0.00486775217361793,60.8986,23.5135,"Finland",NA,NA,117
"118","Zyryanka",-0.00485908171341045,65.735973,150.890004,"Russia","Sakha (Yakutia)",3627,118
"119","Nadym",-0.00481265501723611,65.52981,72.514788,"Russia","Yamal-Nenets",46339,119
"120","Vanino",-0.00471781159939741,49.087326,140.242489,"Russia","Khabarovsk",18618,120
"121","Taksimo",-0.00461639479236116,56.331534,114.889979,"Russia","Buryat",10359,121
"122","CEN Whapmagoostui-Kuujjuarapik Research Station",-0.00451387951905495,55.266667,-77.75,"Canada",NA,NA,122
"123","Kugluktuk",-0.00449756875599488,67.798663,-115.12535,"Canada","Nunavut",1302,123
"124","Qaanaaq",-0.00426672796206214,77.483473,-69.332239,"Greenland","Qaasuitsup Kommunia",616,124
"125","Asbest",-0.00423848835156598,57.023043,61.458047,"Russia","Sverdlovsk",81248,125
"126","Strelka",-0.00420780350843603,61.866985,152.250179,"Russia","Maga Buryatdan",10,126
"127","Gyda",-0.00419389010978798,70.881422,78.466104,"Russia","Yamal-Nenets",10,127
"128","Kangerlussuaq",-0.00415598332414369,67.014123,-50.709909,"Greenland","Qeqqata Kommunia",556,128
"129","Mukhomornoye",-0.00410467666306552,66.417069,173.333337,"Russia","Chukchi Autonomous Okrug",100,129
"130","Pevek",-0.00408536481051005,69.700822,170.313315,"Russia","Chukchi Autonomous Okrug",4837,130
"131","Starorybnoye",-0.0040435278566507,72.766604,104.800001,"Russia","Taymyr",10,131
"132","Glazov",-0.0039624058809414,58.123208,52.628767,"Russia","Udmurt",100676,132
"133","Khanymey",-0.00396177217700102,63.716667,75.95,"Russia",NA,NA,133
"134","CEN Salluit Research Station",-0.00392158003594261,62.2,-75.633333,"Canada",NA,NA,134
"135","Paamiut",-0.00379276513461388,62.004102,-49.63507,"Greenland","Kommuneqarfik Sermersooq",1862,135
"136","Nikel",-0.00378903578915363,69.412571,30.218817,"Russia","Murmansk",15866,136
"137","Terbyas",-0.0037491788216995,64.376082,120.546895,"Russia","Sakha (Yakutia)",10,137
"138","Qaqortoq",-0.0037439879865159,60.72891,-46.036412,"Greenland","Kommune Kujalleq",3224,138
"139","Salluit",-0.00373426988897111,62.182599,-75.659501,"Canada","Québec",106,139
"140","Nordvik",-0.00368779987898818,74.016502,111.510031,"Russia","Taymyr",0,140
"141","Umiujaq",-0.00365620355044268,56.5586,-76.4822,"Canada",NA,NA,141
"142","Norway House",-0.00361734934652541,53.966588,-97.83329,"Canada","Manitoba",6000,142
"143","Segezha",-0.00360778539366156,63.754776,34.324303,"Russia","Karelia",33354,143
"144","Rylekaerene Zackenberg",-0.00360142356040778,74.4667,-20.5667,"Greenland",NA,NA,144
"145","Ísafjörður",-0.00353905526242881,66.083317,-23.149967,"Iceland","Vestfirðir",2534,145
"146","Hammerfest",-0.00353567516845764,70.66128,23.688001,"Norway","Finnmark",10000,146
"147","Kirovo-Chepetsk",-0.00350963164165514,58.55437,50.044377,"Russia","Kirov",90252,147
"148","Dillingham",-0.00345469583977065,59.05656,-158.480312,"United States","Alaska",2488,148
"149","Norilsk",-0.00344936809551862,69.340017,88.224992,"Russia","Taymyr",165873,149
"150","Zvëzdnyj",-0.00344840020907266,70.956585,-179.589979,"Russia","Chukchi Autonomous Okrug",10,150
"151","Noginsk",-0.00344690298528221,64.483311,91.233335,"Russia","Evenk",229731,151
"152","James Bay Lowlands",-0.0034286717125738,53.6744,-78.1706,"Canada",NA,NA,152
"153","Marathon",-0.00341859327757997,48.750395,-86.366651,"Canada","Ontario",4627,153
"154","Watson Lake",-0.00340709061490553,60.116626,-128.80003,"Canada","Yukon",802,154
"155","Sovetskaya Gavan",-0.0033988357062497,48.969891,140.27489,"Russia","Khabarovsk",29740,155
"156","Tver",-0.0033434757022668,56.4333,32.65,"Russia",NA,NA,156
"157","ARM-AMF3-Oliktok",-0.00334173376696971,70.4953,-149.8823,"United States",NA,NA,157
"158","Manily",-0.00333747047263037,62.549992,165.300029,"Russia","Kamchatka",10,158
"159","Severomorsk",-0.00328767703347278,69.073057,33.423066,"Russia","Murmansk",53921,159
"160","Nefteyugansk",-0.00327396472549791,61.077653,72.702684,"Russia","Khanty-Mansiy",112632,160
"161","Talkeetna",-0.00324383999033541,62.323779,-150.109427,"United States","Alaska",1078,161
"162","ZOTTO bog (old)",-0.00322680846615024,60.758,89.402,"Russia",NA,NA,162
"163","Karamken",-0.00320622261711293,60.20042,151.166628,"Russia","Maga Buryatdan",10,163
"164","Lutose Rich Fen",-0.00319184044473762,59.26100915,-117.420947,"Canada",NA,NA,164
"165","Eastmain",-0.00318127141140197,52.233335,-78.516691,"Canada","Québec",335,165
"166","Yamburg",-0.00317245960628685,67.922117,74.925313,"Russia","Yamal-Nenets",48488,166
"167","Doline",-0.00316538708468986,65.183346,-123.416664,"Canada","Northwest Territories",525,167
"168","Shamattawa",-0.00314003166289236,55.850375,-92.083279,"Canada","Manitoba",870,168
"169","Kineshma",-0.00310996592878094,57.469966,42.129976,"Russia","Ivanovo",92983,169
"170","Wales",-0.00310892318816659,65.609599,-168.087503,"United States","Alaska",99,170
"171","Unalakleet",-0.00309443649426557,63.873426,-160.788052,"United States","Alaska",741,171
"172","Bukachacha",-0.00306978831902616,52.983341,116.916626,"Russia","Chita",3372,172
"173","Gulkana",-0.00301205576986761,62.271353,-145.382196,"United States","Alaska",119,173
"174","Palatka",-0.00300072058809115,60.100012,150.899978,"Russia","Maga Buryatdan",21452,174
"175","Nizhnyaya Tura",-0.00297837354459732,58.643641,59.798252,"Russia","Sverdlovsk",56084,175
"176","Narsarsuaq",-0.00293951320860789,61.166588,-45.416618,"Greenland","Kommune Kujalleq",145,176
"177","Ayan",-0.00293661630246753,56.454241,138.167331,"Russia","Khabarovsk",1286,177
"178","Uranium City",-0.00293413845957764,59.566557,-108.616585,"Canada","Saskatchewan",89,178
"179","CEN Boniface River Field Station ",-0.00293224823344529,57.75,-76.166667,"Canada",NA,NA,179
"180","Zhigansk",-0.00293089163539726,66.769709,123.371115,"Russia","Sakha (Yakutia)",3237,180
"181","Buy",-0.00287853599463942,58.484685,41.52438,"Russia","Kostroma",26486,181
"182","Varnek",-0.00284258496263911,69.730148,60.063558,"Russia","Nenets",10,182
"183","Tanacross",-0.002807804880205,63.385703,-143.346403,"United States","Alaska",136,183
"184","Nain",-0.00280669734806454,56.547352,-61.686045,"Canada","Newfoundland and Labrador",1151,184
"185","Kulusuk",-0.00279844172801688,65.566578,-37.183322,"Greenland","Kommuneqarfik Sermersooq",286,185
"186","Shuya",-0.002787846289038,56.854345,41.364286,"Russia","Ivanovo",60705,186
"187","Khatanga",-0.0027717502103561,72.041144,102.465001,"Russia","Taymyr",3205,187
"188","Dolbeau",-0.00277099670376527,48.86659,-72.233328,"Canada","Québec",13337,188
"189","Saskatchewan - Western Boreal, forest burned in 1998",-0.00276708051221334,54.0916,-106.0053,"Canada",NA,NA,189
"190","Suntar",-0.00272930457572569,62.14441,117.631931,"Russia","Sakha (Yakutia)",8639,190
"191","Kuujjuarapik",-0.00272320862625069,55.281495,-77.765832,"Canada","Québec",1243,191
"192","Yerema",-0.0027071526454086,60.380796,107.779406,"Russia","Irkutsk",745,192
"193","Ittoqqortoormiit",-0.00269804549698344,70.483358,-21.966654,"Greenland","Kommuneqarfik Sermersooq",469,193
"194","Stony Rapids",-0.00269358313597527,59.266575,-105.833266,"Canada","Saskatchewan",152,194
"195","Provideniya",-0.00265730083370859,64.423495,-173.225794,"Russia","Chukchi Autonomous Okrug",2536,195
"196","Vichuga",-0.0026533996599996,57.219129,41.928748,"Russia","Ivanovo",39071,196
"197","Palana",-0.0026333239985821,59.084002,159.95002,"Russia","Kamchatka",3671,197
"198","Chumikan",-0.0025964054290464,54.711395,135.314514,"Russia","Khabarovsk",1305,198
"199","Geraldton",-0.00259434133211076,49.716641,-86.96664,"Canada","Ontario",1290,199
"200","Kivalina",-0.00256086981121327,67.731492,-164.485903,"United States","Alaska",374,200
"201","Amderma",-0.00253037590573468,69.763014,61.667698,"Russia","Nenets",282,201
"202","Seida",-0.00251920574163758,67.0547,62.9405,"Russia",NA,NA,202
"203","Argentia",-0.00251101643411413,47.300432,-53.989997,"Canada","Newfoundland and Labrador",1063,203
"204","Kullorsuaq",-0.00250602946109773,74.578063,-57.224986,"Greenland",NA,450,204
"205","Nizhenvartovsk",-0.00248591128290071,60.934974,76.580018,"Russia","Khanty-Mansiy",244937,205
"206","Togiak",-0.0024555260302925,59.070361,-160.378323,"United States","Alaska",236,206
"207","Uteshevo",-0.0024299274583558,57.1549,65.343,"Russia",NA,NA,207
"208","Zotino forest West (old)",-0.00242835088241032,60.75,89.3833,"Russia",NA,NA,208
"209","Saranpaul",-0.00240489258782748,64.250457,60.970015,"Russia","Khanty-Mansiy",2985,209
"210","Steinkjer",-0.00238166514840075,64.01706,11.500011,"Norway","Nord-Trøndelag",11274,210
"211","Naryan Mar",-0.00237200562323571,67.647407,53.057423,"Russia","Nenets",21658,211
"212","Verkhniy Ufaley",-0.00236352979220901,56.066279,60.2313,"Russia","Chelyabinsk",33879,212
"213","Olyokminsk",-0.00236103184755141,60.503192,120.392589,"Russia","Sakha (Yakutia)",10000,213
"214","Monchegorsk",-0.00233911785860865,67.929121,32.828735,"Russia","Murmansk",49868,214
"215","Peregrebnoye",-0.00232475641024538,62.966995,65.085939,"Russia","Khanty-Mansiy",10,215
"216","Lac Le Caron",-0.00230782082485396,52.2903,-75.8375,"Canada",NA,NA,216
"217","Arctic DTU Research Station Sisimiut",-0.00227272217302777,66.916667,-53.666667,"Greenland",NA,NA,217
"218","Port Burwell",-0.00224256570546376,60.266462,-64.741098,"Canada","Newfoundland and Labrador",2762,218
"219","Sisimiut",-0.00223861236197014,66.950008,-53.666606,"Greenland","Qeqqata Kommunia",5227,219
"220","Oxford House",-0.00223565555376396,54.950404,-95.266599,"Canada","Manitoba",184,220
"221","Okhotsk",-0.00222880652461036,59.383002,143.217036,"Russia","Khabarovsk",5570,221
"222","Enurmino",-0.00222694015901614,66.950008,-171.816603,"Russia","Chukchi Autonomous Okrug",297,222
"223","Burwash Landing",-0.00222657511159106,61.350375,-139.000002,"Canada","Yukon",73,223
"224","Kolpino",-0.00221648875696647,59.730009,30.650005,"Russia","City of St. Petersburg",225801,224
"225","Zheleznogorsk Ilimskiy",-0.00220359356003863,56.576248,104.122678,"Russia","Irkutsk",28456,225
"226","Eldikan",-0.00219602767985039,60.800021,135.183314,"Russia","Sakha (Yakutia)",1516,226
"227","Dasan Station site",-0.00218963864176906,78.9219,11.8658,"Norway",NA,NA,227
"228","Pechora",-0.00218615022525854,65.158748,57.208746,"Russia","Komi",46113,228
"229","Fort Severn",-0.00217970450997402,55.983339,-87.649984,"Canada","Ontario",125,229
"230","Kotelnich",-0.00215728544006314,58.304127,48.313733,"Russia","Kirov",28431,230
"231","Circle",-0.00215475459479795,65.82589,-144.06052,"United States","Alaska",100,231
"232","Elgeeii",-0.00215170444221482,60.016,133.824,"Russia",NA,NA,232
"233","Evensk",-0.00213413335256888,61.949977,159.233319,"Russia","Maga Buryatdan",2024,233
"234","Kotlas",-0.0021290105807346,61.263068,46.663084,"Russia","Arkhangel'sk",59879,234
"235","Polevskoy",-0.00212029765002379,56.443414,60.188047,"Russia","Sverdlovsk",65770,235
"236","Krasnouralsk",-0.00211019879228435,58.351515,60.051518,"Russia","Sverdlovsk",20571,236
"237","Rif Field Station",-0.00210234494271608,66.45,-15.95,"Iceland",NA,NA,237
"238","Schefferville",-0.00208456559910183,54.8,-66.816656,"Canada","Québec",471,238
"239","Saskatchewan - Western Boreal, forest burned in 1989",-0.0020756707518991,54.2539,-105.8775,"Canada",NA,NA,239
"240","Miass",-0.00206740600031672,54.995414,60.094926,"Russia","Chelyabinsk",167500,240
"241","Keflavík",-0.00204536823552587,64.016647,-22.566592,"Iceland","Suðurnes",7930,241
"242","Lutselke",-0.00203835384301053,62.400053,-110.733329,"Canada","Northwest Territories",102,242
"243","Pakhachi",-0.00203661526165087,60.581585,169.049981,"Russia","Kamchatka",10,243
"244","Rusanovo",-0.00202439226761178,70.598074,56.372291,"Russia","Arkhangel'sk",10,244
"245","Yakutsk-Larch",-0.00200707202540137,62.255,129.6189,"Russia",NA,NA,245
"246","Hay River",-0.00200224349474713,60.849993,-115.700003,"Canada","Northwest Territories",3900,246
"247","Wawa",-0.00199479421057696,48.000415,-84.783337,"Canada","Ontario",2174,247
"248","Mo i Rana",-0.00198452835165722,66.31661,14.16667,"Norway","Nordland",20409,248
"249","King Salmon",-0.0019790689367236,58.688703,-156.661378,"United States","Alaska",292,249
"250","Uray",-0.00196690156254851,60.140139,64.754797,"Russia","Khanty-Mansiy",39878,250
"251","Salekhard",-0.00196482659220246,66.53502,66.60998,"Russia","Yamal-Nenets",38025,251
"252","Shalaurova",-0.00192494274035577,73.220374,143.183343,"Russia","Sakha (Yakutia)",10,252
"253","Usinsk",-0.00190911984780798,65.923042,57.402997,"Russia","Komi",45000,253
"254","Mezen",-0.00190346345393647,65.85222,44.240028,"Russia","Arkhangel'sk",3672,254
"255","Andoya",-0.00187330600858047,69.1428,16.0222,"Norway",NA,NA,255
"256","Kirovsk",-0.00187266374946521,67.609089,33.668735,"Russia","Murmansk",29605,256
"257","Fort McPherson",-0.00186544932835371,67.491525,-134.894981,"Canada","Northwest Territories",1069,257
"258","The Pas",-0.00185715682851169,53.816623,-101.233315,"Canada","Manitoba",6055,258
"259","The Arctic Research Station (former Labytnangi Ecological Research Station)",-0.0018490503278466,66.65,66.4,"Russia",NA,NA,259
"260","Nizhny Tagil",-0.00184705510905357,57.920016,59.974985,"Russia","Sverdlovsk",381116,260
"261","Labrador City",-0.00184621611857143,52.941431,-66.915875,"Canada","Newfoundland and Labrador",10313,261
"262","Fort Resolution",-0.00183173371757714,61.166588,-113.682994,"Canada","Northwest Territories",448,262
"263","Qasigiannguit",-0.00182681012662871,68.81927,-51.178519,"Greenland","Qaasuitsup Kommunia",1341,263
"264","Dawson Creek",-0.00181374096888095,55.766969,-120.233266,"Canada","British Columbia",10802,264
"265","Lake Minchumina",-0.00181273544699061,63.882831,-152.312187,"United States","Alaska",32,265
"266","Archangel",-0.00180741125648448,64.574959,40.545008,"Russia","Arkhangel'sk",356051,266
"267","Sagastyr",-0.001797010826095,73.377933,126.592352,"Russia","Sakha (Yakutia)",10,267
"268","Kaskara Crop",-0.00179204034416977,57.2515,65.9693,"Russia",NA,NA,268
"269","Namsos",-0.00178613162053907,64.483311,11.500011,"Norway","Nord-Trøndelag",9035,269
"270","Kobbefjord",-0.00176988447617007,64.1382,-51.3784,"Greenland",NA,NA,270
"271","Gunnarsholt",-0.00176211605236736,63.8333,-20.2167,"Iceland",NA,NA,271
"272","Plotnikovo",-0.00175656457166098,56.85,82.9667,"Russia",NA,NA,272
"273","Biryusinsk",-0.00173215028244929,55.960653,97.814432,"Russia","Irkutsk",9583,273
"274","Cold Bay",-0.00173081797690515,55.200001,-162.715092,"United States","Alaska",200,274
"275","Logashkino",-0.00172730902780463,70.85039,153.900001,"Russia","Sakha (Yakutia)",0,275
"276","Sand Point",-0.00172658626625153,55.339709,-160.497191,"United States","Alaska",667,276
"277","Vadsø",-0.00172062046045176,70.096597,29.765749,"Norway","Finnmark",5139,277
"278","Tukchi",-0.00171936086532516,57.366975,139.500002,"Russia","Khabarovsk",10,278
"279","Indiga",-0.00171373538023258,67.689754,49.016595,"Russia","Nenets",10,279
"280","Laryak",-0.0017068004401914,61.101192,80.25137,"Russia","Khanty-Mansiy",10,280
"281","Tazovsky",-0.0016956148411109,67.466669,78.699992,"Russia","Yamal-Nenets",5981,281
"282","Beringovskiy",-0.00168271766326372,63.065465,179.306667,"Russia","Chukchi Autonomous Okrug",1861,282
"283","Nikolski",-0.00167339146669877,52.938434,-168.867688,"United States","Alaska",18,283
"284","Willem Barentsz Biological Station",-0.00167280663182046,73.35,80.533333,"Russia",NA,NA,284
"285","Norman Wells",-0.00167008389841636,65.283727,-126.849968,"Canada","Northwest Territories",1027,285
"286","Trondheim",-0.00165795096025556,63.416658,10.416666,"Norway","Sør-Trøndelag",147139,286
"287","Vallanes",-0.00165773913863637,65.32,-14.933,"Iceland",NA,NA,287
"288","Karluk",-0.00165457569943399,57.572286,-154.455027,"United States","Alaska",96,288
"289","Ugolnye Kopi",-0.00165442800195995,64.733296,177.699996,"Russia","Chukchi Autonomous Okrug",3367,289
"290","Hudson Bay",-0.00165294963620336,52.850429,-102.383296,"Canada","Saskatchewan",2157,290
"291","Gambell",-0.00162596132827627,63.77971,-171.731079,"United States","Alaska",681,291
"292","Mongolia",-0.00162118201690649,48.2733,106.8508,"Mongolia",NA,NA,292
"293","Okha",-0.00161699275254992,53.573899,142.947853,"Russia","Sakhalin",26560,293
"294","Sosnogorsk",-0.00160358374794437,63.59476,53.894323,"Russia","Komi",29343,294
"295","Fort Yukon",-0.0015985997428177,66.564682,-145.273779,"United States","Alaska",833,295
"296","Siglan",-0.00159123125725993,59.033721,152.416578,"Russia","Maga Buryatdan",10,296
"297","Sudurnes Science and Learning Center",-0.00158061505542231,64.033333,-22.7,"Iceland",NA,NA,297
"298","Petrozavodsk",-0.00158048645455809,61.849983,34.280016,"Russia","Karelia",265025,298
"299","Novyy Uoyin",-0.00157671660169239,56.134983,111.733893,"Russia","Buryat",4184,299
"300","Artemovskiy",-0.00156349274653073,57.365192,61.869753,"Russia","Sverdlovsk",44689,300
"301","Palmer",-0.00155998136430615,61.599714,-149.112692,"United States","Alaska",13111,301
"302","Unalaska",-0.00155570699978848,53.868584,-166.531603,"United States","Alaska",3571,302
"303","Sept-Îles",-0.00154499196820696,50.316088,-66.360017,"Canada","Québec",25686,303
"304","Murmansk",-0.00154150278904828,68.969988,33.100036,"Russia","Murmansk",319263,304
"305","Petrovsk Zabaykalskiy",-0.00153557959817011,51.282695,108.832675,"Russia","Chita",20889,305
"306","Salmisuo",-0.0015200123922857,62.7833,30.9333,"Finland",NA,NA,306
"307","Polyarnyy",-0.00150714714612579,69.205219,33.450247,"Russia","Murmansk",19200,307
"308","Borgarnes",-0.00150618090380399,64.569503,-21.862322,"Iceland","Vesturland",1783,308
"309","Fort Smith",-0.00150576225108575,60.000019,-111.883336,"Canada","Alberta",518,309
"310","Zemlya Bunge",-0.00150195393106675,74.898308,142.105011,"Russia","Sakha (Yakutia)",10,310
"311","Khilok",-0.00148441714309227,51.350004,110.450044,"Russia","Chita",10627,311
"312","Kovda",-0.00146093157722268,66.690282,32.870231,"Russia","Murmansk",20,312
"313","Ust-Ulimsk",-0.00145061257206652,57.98996,102.633311,"Russia","Irkutsk",100271,313
"314","Samoylov, floodplain",-0.00144859664779598,72.375,126.4698,"Russia",NA,NA,314
"315","Koyuk",-0.00144435598975048,64.940269,-161.157472,"United States","Alaska",254,315
"316","Emmonak",-0.00144109186488294,62.776981,-164.522992,"United States","Alaska",100,316
"317","Valdez",-0.00143873813507928,61.135996,-146.348287,"United States","Alaska",4036,317
"318","Kodiak",-0.00143407754858351,57.789998,-152.406987,"United States","Alaska",9461,318
"319","Peace River",-0.0014245276756811,56.233323,-117.283291,"Canada","Alberta",5340,319
"320","Molde",-0.00141471174351879,62.7483,7.183324,"Norway","Møre og Romsdal",18594,320
"321","Ålesund",-0.0014089013187433,62.545419,6.388023,"Norway","MOre og Romsdal",47772,321
"322","UCI-2003 burn site",-0.00139691837382809,55.8981,-98.2161,"Canada",NA,NA,322
"323","Pervouralsk",-0.0013840858826095,56.910026,59.955038,"Russia","Sverdlovsk",133600,323
"324","Kapuskasing",-0.00138160279386393,49.416685,-82.433325,"Canada","Ontario",9240,324
"325","Asino",-0.00137424289046456,56.993122,86.162689,"Russia","Tomsk",27070,325
"326","Belomorsk",-0.00137294234508435,64.52522,34.765826,"Russia","Karelia",12165,326
"327","Ulkan",-0.0013647790244862,55.900398,107.783333,"Russia","Irkutsk",10,327
"328","Berezniki",-0.00135932039428512,59.420002,56.759987,"Russia","Perm'",167748,328
"329","Verkhnyaya Salda",-0.00134376521458962,58.050189,60.549782,"Russia","Sverdlovsk",48992,329
"330","Prince Albert (BOREAS)",-0.00133405505224908,53.95,-105.95,"Canada",NA,NA,330
"331","Kluane Lake Research Station",-0.00132419632555769,61.016667,-138.4,"Canada",NA,NA,331
"332","Litla-Skard ",-0.00130827321167791,64.716667,-21.616667,"Iceland ",NA,NA,332
"333","Slobodskoy",-0.00129980658551571,58.718495,50.188037,"Russia","Kirov",48962,333
"334","Hakasia Steppe",-0.00129616910192762,54.7252,90.0022,"Russia",NA,NA,334
"335","Komsomolsk na Amure",-0.0012916171938208,50.554988,137.019998,"Russia","Khabarovsk",275908,335
"336","Sokol",-0.00128752562800804,59.46478,40.114388,"Russia","Vologda",42174,336
"337","Sharya",-0.00128265941691424,58.379756,45.509356,"Russia","Kostroma",35532,337
"338","Bol'sheretsk",-0.0012765248561417,52.438981,156.359386,"Russia","Kamchatka",10,338
"339","Southern Old Black Spruce",-0.00127502254639524,53.987,-105.117,"Canada",NA,NA,339
"340","Strezhevoy",-0.0012404668220168,60.733152,77.577683,"Russia","Tomsk",44784,340
"341","Fort Chipewyan",-0.00123819783127292,58.717099,-111.149996,"Canada","Alberta",3222,341
"342","Cascade Ridge",-0.00121905364090241,65.3968,-148.9348,"United States",NA,NA,342
"343","Igrim",-0.00118639643239693,63.193312,64.419417,"Russia","Khanty-Mansiy",9545,343
"344","Buchans",-0.00116637440776661,48.817032,-56.866591,"Canada","Newfoundland and Labrador",685,344
"345","Tanana",-0.00116230789943256,65.171873,-152.07879,"United States","Alaska",308,345
"346","Taloyoak",-0.00116203202628719,69.533313,-93.53332,"Canada","Nunavut",774,346
"347","Severo Kurilsk",-0.00114483017475749,50.690483,156.085036,"Russia","Sakhalin",2422,347
"348","Eagle",-0.00113651775691179,64.787995,-141.199997,"United States","Alaska",104,348
"349","Kolpashevo",-0.00112172109692063,58.300407,82.995389,"Russia","Tomsk",27876,349
"350","Umba",-0.00108777878025706,66.681394,34.345542,"Russia","Murmansk",6128,350
"351","False Pass",-0.00108279507230452,54.851211,-163.415023,"United States","Alaska",35,351
"352","Vaasa",-0.00106976850552516,63.099984,21.600015,"Finland","Western Finland",57014,352
"353","Kotlit",-0.00106342052111208,63.034588,-163.553283,"United States","Alaska",1002,353
"354","Bethel",-0.00105194934529287,61.0902,-162.0153,"United States",NA,NA,354
"355","Vikhorevka",-0.00105158044816802,56.093099,101.242699,"Russia","Irkutsk",166,355
"356","Kaltag",-0.00104729169453915,64.327196,-158.721899,"United States","Alaska",190,356
"357","Amos",-0.00104219234611078,48.566634,-78.116664,"Canada","Québec",10516,357
"358","Hopedale",-0.00103723421450992,55.44996,-60.216671,"Canada","Newfoundland and Labrador",442,358
"359","Tasiilaq",-0.00103054487721155,65.601869,-37.633737,"Greenland",NA,1829,359
"360","Ust Pojeg",-0.00102980408526355,61.9341,50.2269,"Russia",NA,NA,360
"361","Severodvinsk",-0.00102578541247253,64.570024,39.830013,"Russia","Arkhangel'sk",194292,361
"362","Dikson",-0.00102053428073269,73.506972,80.545099,"Russia","Taymyr",1113,362
"363","Nizhneudinsk",-0.00101585031789125,54.897669,99.027692,"Russia","Irkutsk",43326,363
"364","Port Heiden",-0.00101393210169871,56.949094,-158.626892,"United States","Alaska",102,364
"365","McGrath",-0.00100469327597916,62.956815,-155.595785,"United States","Alaska",138,365
"366","Savonlinna",-0.000995444875856838,61.866623,28.883343,"Finland","Southern Savonia",27353,366
"367","Tayshet",-0.000990979423903961,55.927709,97.987703,"Russia","Irkutsk",52184,367
"368","Nipigon",-0.00099084384301527,49.017046,-88.249973,"Canada","Ontario",1204,368
"369","Agapa",-0.000988801382608957,71.450379,89.249994,"Russia","Taymyr",10,369
"370","Alapayevsk",-0.00098260568240842,57.846507,61.691521,"Russia","Sverdlovsk",44000,370
"371","Flin Flon",-0.000979318428947772,54.766591,-101.883301,"Canada","Manitoba",6393,371
"372","Nerchinsk",-0.000973458854829058,52.008956,116.548586,"Russia","Chita",15360,372
"373","Polish Polar Station Hornsund",-0.000964065548704479,77,15.55,"Svalbard/Poland",NA,NA,373
"374","Kainuu Fisheries Research Station",-0.000961956254440119,64.4,27.5,"Finland",NA,NA,374
"375","Quinhagak",-0.00096009591481045,59.749233,-161.915786,"United States","Alaska",250,375
"376","Chukotka",-0.000944329916324254,65.5948,171.0525,"Russia",NA,NA,376
"377","Khandyga",-0.000938903589311616,62.666006,135.600033,"Russia","Sakha (Yakutia)",6796,377
"378","Ivdel",-0.000937784566402192,60.693645,60.413253,"Russia","Sverdlovsk",19379,378
"379","Dudinka",-0.000931342754999558,69.418203,86.225011,"Russia","Taymyr",23619,379
"380","Rovaniemi",-0.000918079496808177,66.500035,25.715939,"Finland","Lapland",34781,380
"381","Pilot Point",-0.000913556008720835,57.56456,-157.569127,"United States","Alaska",68,381
"382","Serov",-0.000907594505549721,59.614977,60.584974,"Russia","Sverdlovsk",98438,382
"383","Rostov",-0.000906311042991676,57.189157,39.404303,"Russia","Yaroslavl'",33803,383
"384","Hooper Bay",-0.000904772795205997,61.531088,-166.096565,"United States","Alaska",1079,384
"385","Yeniseysk",-0.0008940608478588,58.451508,92.156535,"Russia","Krasnoyarsk",19920,385
"386","Inta",-0.000875457669240123,66.037428,60.167428,"Russia","Komi",22921,386
"387","Grand Prairie",-0.00086886745199521,55.166644,-118.799994,"Canada","Alberta",41462,387
"388","Magadan",-0.000868072183937532,59.57498,150.810009,"Russia","Maga Buryatdan",95282,388
"389","Skien",-0.000865301017855804,59.19999,9.600024,"Norway","Telemark",73330,389
"390","Siikaneva-2 Bog",-0.000853123585389697,61.8372,24.1967,"Finland",NA,NA,390
"391","Kirensk",-0.000844864029961923,57.785735,108.111943,"Russia","Irkutsk",13308,391
"392","Rigolet",-0.000840478208757564,54.176601,-58.447322,"Canada","Newfoundland and Labrador",124,392
"393","Chita",-0.000834411241267561,52.055026,113.465002,"Russia","Chita",308500,393
"394","Saskatchewan - Western Boreal, forest burned in 1977",-0.00083220585746774,54.485,-105.8176,"Canada",NA,NA,394
"395","Council (NGEE Arctic)",-0.00081728736651834,64.8614,-163.7007,"United States",NA,NA,395
"396","Attawapiskat",-0.000816883294843589,52.916627,-82.433325,"Canada","Ontario",1802,396
"397","Happy Valley - Goose Bay",-0.000814771027457357,53.299988,-60.299999,"Canada","Newfoundland and Labrador",7572,397
"398","Skagway",-0.000812490858276611,59.45832,-135.313896,"United States","Alaska",955,398
"399","Koyukuk",-0.000808476022458224,64.880289,-157.70085,"United States","Alaska",101,399
"400","Bouleau Peatland",-0.000798323457778706,50.5244,-63.2064,"Canada",NA,NA,400
"401","Höfn",-0.000796280853668173,64.272315,-15.21386,"Iceland","Sveitarfélagið Hornafjörður",1695,401
"402","Avachinsky Volcano Field Station",-0.000793933292373283,53.25,158.733333,"Russia",NA,NA,402
"403","Karpinsk",-0.000789102896541201,59.760162,60.009815,"Russia","Sverdlovsk",30807,403
"404","Bugrino",-0.000788534869434108,68.807879,49.304163,"Russia","Nenets",300,404
"405","Kaamanen wetland",-0.000788298037749941,69.1406,27.2698,"Finland",NA,NA,405
"406","Zima",-0.000775522980237021,53.93305,102.03309,"Russia","Irkutsk",60239,406
"407","Lensk",-0.000768573420525733,60.725271,114.94703,"Russia","Sakha (Yakutia)",25589,407
"408","La Sarre",-0.000759066773683775,48.800005,-79.200034,"Canada","Québec",7206,408
"409","Härnösand",-0.000751955944047273,62.633997,17.934004,"Sweden","Västernorrland",17016,409
"410","China Iceland Arctic  Observatory  CIAO",-0.00074536999971089,65.707183,-17.36695,"Iceland",NA,NA,410
"411","Newhalen",-0.000745362440706584,59.720346,-154.897197,"United States","Alaska",160,411
"412","Fort McMurray",-0.000740274238378217,56.733319,-111.383315,"Canada","Alberta",21863,412
"413","Juneau",-0.00073935441371513,58.314127,-134.419997,"United States","Alaska",30711,413
"414","Rouyn-Noranda",-0.000734156942718102,48.250012,-79.033249,"Canada","Québec",24602,414
"415","Oulu",-0.000731432523497621,64.999998,25.470011,"Finland","Northern Ostrobothnia",136752,415
"416","Hall Beach",-0.000724468267216334,68.767467,-81.236083,"Canada","Nunavut",654,416
"417","Severouralsk",-0.000693537641552366,60.156521,59.961549,"Russia","Sverdlovsk",36138,417
"418","Turukhansk",-0.000691082690149557,65.838164,87.954983,"Russia","Krasnoyarsk",4774,418
"419","Trepassey",-0.000668510685687034,46.736978,-53.363291,"Canada","Newfoundland and Labrador",398,419
"420","Kyshtym",-0.000662349368624708,55.699997,60.559549,"Russia","Chelyabinsk",50911,420
"421","Tønsberg",-0.000660152306411882,59.264001,10.421002,"Norway","Vestfold",38914,421
"422","Gimli",-0.000648702465480228,50.633303,-96.999981,"Canada","Manitoba",2623,422
"423","Goodnews Bay",-0.000645624229423882,59.120993,-161.58713,"United States","Alaska",230,423
"424","Sundsvall",-0.000642050855644152,62.400053,17.316659,"Sweden","Västernorrland",73389,424
"425","Nyagan",-0.000640998239850085,62.146528,65.381425,"Russia","Khanty-Mansiy",52137,425
"426","Nevyansk",-0.000637064762637426,57.490249,60.214764,"Russia","Sverdlovsk",28170,426
"427","Kamensk Uralskiy",-0.000636800944716466,56.42047,61.93502,"Russia","Sverdlovsk",182500,427
"428","Meadow Lake",-0.000635787273528845,54.130118,-108.434736,"Canada","Saskatchewan",5882,428
"429","Velikiy Ustyug",-0.000635237946881839,60.768706,46.298662,"Russia","Vologda",33237,429
"430","Bratsk",-0.000602961581325947,56.156997,101.615027,"Russia","Irkutsk",246348,430
"431","Velsk",-0.000593961706746233,61.067395,42.09742,"Russia","Arkhangel'sk",26300,431
"432","Yaroslavl",-0.000593798016564159,57.619983,39.870011,"Russia","Yaroslavl'",606730,432
"433","Tununak",-0.000580617028510878,60.585487,-165.255789,"United States","Alaska",352,433
"434","Alkkia Scots pine forest",-0.000574838471760611,62.1834,22.7842,"Finland",NA,NA,434
"435","Igloolik",-0.000568678236549813,69.256535,-81.793592,"Canada","Nunavut",1612,435
"436","Atka",-0.000566219774781269,52.19649,-174.200489,"United States","Alaska",61,436
"437","Perryville",-0.000562895143684521,55.918614,-159.151149,"United States","Alaska",113,437
"438","Apatity",-0.000562757255053976,67.573071,33.393042,"Russia","Murmansk",66907,438
"439","Illisarvik",-0.000558023972628747,69.4799,-134.5885,"Canada",NA,NA,439
"440","Solikamsk",-0.000556492082001425,59.669987,56.749962,"Russia","Perm'",100812,440
"441","Upad",-0.000554133330034507,70.2815,-148.8848,"United States",NA,NA,441
"442","Irkutsk",-0.000553037101628241,52.319971,104.245048,"Russia","Irkutsk",586695,442
"443","Nibio Svanhovd Research Station ",-0.000552460307720835,69.45,30.05,"Norway ",NA,NA,443
"444","Lesosibirsk",-0.000532929779761201,58.243252,92.483285,"Russia","Krasnoyarsk",65945,444
"445","Chevery",-0.000527554923239219,50.481323,-59.609783,"Canada","Québec",284,445
"446","Kem",-0.00052254662678727,64.953592,34.56837,"Russia","Karelia",13829,446
"447","Hyytiaelae Clear Cut",-0.000502494848138672,61.8439,24.3043,"Finland",NA,NA,447
"448","Port-Menier",-0.000493757040548324,49.822578,-64.347995,"Canada","Québec",263,448
"449","Selkirk",-0.000491753605944802,50.150026,-96.883322,"Canada","Manitoba",9986,449
"450","Toolik Lake (Wetland)",-0.000486271404250963,68.6243,-149.6023,"United States",NA,NA,450
"451","Surgut",-0.000484665105840958,61.259942,73.425017,"Russia","Khanty-Mansiy",400000,451
"452","Hughes",-0.000480304842338093,66.049184,-154.254988,"United States","Alaska",78,452
"453","Novy Urengoy",-0.000475099549252698,66.083317,76.633245,"Russia","Yamal-Nenets",94212,453
"454","Khibiny Educational and Scientific Station ",-0.000473583626324228,67.633333,33.716667,"Russia",NA,NA,454
"455","Oktyabrskiy",-0.000472295158438275,52.663593,156.238722,"Russia","Kamchatka",1534,455
"456","Natashquan",-0.000466844388559824,50.191341,-61.810656,"Canada","Québec",722,456
"457","Mekoryuk",-0.000464808539929654,60.388647,-166.189937,"United States","Alaska",99,457
"458","Sovetsk",-0.000451676822808576,57.578461,48.958086,"Russia","Kirov",17869,458
"459","Östersund",-0.000444959493356653,63.183313,14.65,"Sweden","Jämtland",46178,459
"460","Selawik",-0.000442377358726808,66.603879,-160.009391,"United States","Alaska",832,460
"461","Petropavlovsk Kamchatskiy",-0.000442217379546625,53.061992,158.62302,"Russia","Kamchatka",187282,461
"462","St. Anthony",-0.000439567511565238,51.383749,-55.59995,"Canada","Newfoundland and Labrador",224,462
"463","Ukhta",-0.000422464456801718,63.559982,53.689994,"Russia","Komi",102187,463
"464","Central Marsh",-0.000408561108296795,71.3202,-156.6223,"United States",NA,NA,464
"465","Chernyshevskiy",-0.000408433587963528,63.012755,112.471419,"Russia","Sakha (Yakutia)",5137,465
"466","Deer Lake",-0.000405463251732737,49.1744,-57.426919,"Canada","Newfoundland and Labrador",4163,466
"467","Port Hope Simpson",-0.000399310747458861,52.533291,-56.300011,"Canada","Newfoundland and Labrador",197,467
"468","Ambler",-0.000379897752390286,67.086485,-157.851409,"United States","Alaska",258,468
"469","Chusovoy",-0.000368616313882542,58.29343,57.81305,"Russia","Perm'",72113,469
"470","Val d'Or",-0.000354639556544674,48.116635,-77.766633,"Canada","Québec",20625,470
"471","Kokkola",-0.000350672437304515,63.833299,23.116666,"Finland","Western Finland",46714,471
"472","Uglegorsk",-0.000349458991580054,49.083346,142.033335,"Russia","Sakhalin",12669,472
"473","Happy Valley",-0.000349306543082065,69.1423,-148.8412,"United States",NA,NA,473
"474","St. Petersburg",-0.000345527384638254,59.94096,30.314074,"Russia","City of St. Petersburg",4553000,474
"475","Soontaga",-0.00033918099693106,58.0236,26.0707,"Estonia",NA,NA,475
"476","Vologda",-0.00033557233097171,59.209989,39.919982,"Russia","Vologda",294889,476
"477","Krasnokamsk",-0.000333146646423368,58.074736,55.744287,"Russia","Perm'",52689,477
"478","Sauðárkrókur",-0.000331666005130873,65.746412,-19.638993,"Iceland","Akrahreppur",2682,478
"479","Aniak",-0.000319626787116659,61.578708,-159.522186,"United States","Alaska",501,479
"480","Batagay",-0.000317367892681656,67.655985,134.635027,"Russia","Sakha (Yakutia)",4266,480
"481","Chicoutimi",-0.000308865991583376,48.433309,-71.066706,"Canada","Québec",53940,481
"482","La Scie",-0.000302688494822071,49.967013,-55.583,"Canada","Newfoundland and Labrador",817,482
"483","Trout River",-0.000290890079530599,49.483658,-58.116644,"Canada","Newfoundland and Labrador",452,483
"484","Vyborg",-0.000287178241064436,60.703877,28.754927,"Russia","Leningrad",117201,484
"485","Mirnyy",-0.000282448630690044,62.540019,113.961354,"Russia","Sakha (Yakutia)",40308,485
"486","Fort St. John",-0.000277951174302347,56.249989,-120.833281,"Canada","British Columbia",18776,486
"487","Wasilla",-0.000277641610981886,61.581731,-149.439442,"United States","Alaska",8521,487
"488","Akureyri",-0.000258039901850032,65.666572,-18.100017,"Iceland","Akureyri",16563,488
"489","Lammin-Suo Peatland Station",-0.000252447009434861,60.233333,29.8,"Russia",NA,NA,489
"490","Sag Riverside",-0.000236772511526205,69.5056,-148.225,"United States",NA,NA,490
"491","Mikkeli",-0.000234377151088428,61.689996,27.285004,"Finland","Southern Savonia",46550,491
"492","Yekaterinburg",-0.000220721584831955,56.851976,60.598014,"Russia","Sverdlovsk",1313000,492
"493","St-Augustin",-0.000218064665382505,51.24231,-58.646999,"Canada","Québec",3961,493
"494","Kalevansuo",-0.000218005907383354,60.6468,24.3562,"Finland",NA,NA,494
"495","Skyttorp",-0.000210987651442232,60.1297,17.8401,"Sweden",NA,NA,495
"496","Vilyuysk",-0.000189513003232046,63.755267,121.624762,"Russia","Sakha (Yakutia)",9948,496
"497","Fish Island",-0.000188253145524096,69.3723,-134.8811,"Canada",NA,NA,497
"498","St. John's",-0.000184499654920521,47.584988,-52.681007,"Canada","Newfoundland and Labrador",131469,498
"499","Kirov",-0.000180768280540686,58.590053,49.669981,"Russia","Kirov",457437,499
"500","Kobuk",-0.000177185837606667,66.907246,-156.880977,"United States","Alaska",151,500
"501","Korsakov",-0.000171996527233813,46.642436,142.777476,"Russia","Sakhalin",35091,501
"502","Yoshkar Ola",-0.000168480353074104,56.635392,47.874948,"Russia","Mariy-El",324406,502
"503","Happy Valley Wet Sedge Tundra",-0.00015109611755631,69.1667,-148.85,"United States",NA,NA,503
"504","Cherepovets",-0.000145720513507867,59.140433,37.909975,"Russia","Vologda",311850,504
"505","Yuzhno Sakhalinsk",-0.000144129911885231,46.964974,142.740011,"Russia","Sakhalin",176484,505
"506","Rybinsk",-0.000136548657750879,58.050344,38.819997,"Russia","Yaroslavl'",216724,506
"507","Gander",-0.00013625173724468,48.949995,-54.549988,"Canada","Newfoundland and Labrador",3345,507
"508","Verkhnevilyuysk",-0.000119822613008997,63.4457,120.316728,"Russia","Sakha (Yakutia)",6341,508
"509","Luga",-0.000113326118345434,58.736349,29.838995,"Russia","Leningrad",40114,509
"510","Tikhvin",-0.000111887180486929,59.644846,33.514378,"Russia","Leningrad",62075,510
"511","UCI-1964 burn site",-0.000108249519631585,55.9117,-98.3822,"Canada",NA,NA,511
"512","UCI-1964 burn site wet",-0.000108249519631585,55.9144,-98.3806,"Canada",NA,NA,512
"513","Marcell Experimental Forest",-0.000106806418846169,47.5333,-93.4667,"United States",NA,NA,513
"514","Kostroma",-0.000103792487790206,57.770026,40.940023,"Russia","Kostroma",277656,514
"515","Prudhoe Bay Wet Sedge",-0.000100054541699009,70.0855,-148.5702,"United States",NA,NA,515
"516","Petite Riviere (Baie Comeau)",-9.90270731655049e-05,49.1333,-68.2833,"Canada",NA,NA,516
"517","Stordalen forest",-7.68759827944349e-05,68.3542,19.0471,"Sweden",NA,NA,517
"518","Neleger",-3.88874008938531e-05,62.0833,129.75,"Russia",NA,NA,518
"519","HJP02 Jack Pine",-2.93121424144832e-05,53.945,-104.649,"Canada",NA,NA,519
"520","HJP94 Jack Pine",-2.4342825782755e-05,53.908,-104.649,"Canada",NA,NA,520
"521","HJP75 Jack Pine",-2.32606072635695e-06,53.876,-104.645,"Canada",NA,NA,521
