"newkm","x_fn1","y_fn1","PC1_fn1","PC2_fn1","PC3_fn1","PC4_fn1","MeanTemp_fn1","Precip_fn1","PrecipitationSeasonality_fn1","MeanDiurnalRange_fn1","Isothermality_fn1","TempSeasonality_fn1","TempAnnualRange_fn1","mir_fn1","ndwi_fn1","ndvi_sum_fn1","ndvi_max_fn1","evi_fn1","bd_100_agg_fn1","ph0_100_fn1","OCSTHA_M_100cm_1km_ll_fn1","soc0_100_fn1","sand_100_agg_fn1","silt_100_agg_fn1","clay_100_agg_fn1","UiO_PEX_PERPROB_5.0_20181128_2000_2016_NH_fn1","base.dist_fn1","methane.dist_fn1","annual.dist_fn1","annual.methane.dist_fn1","base_fn1","methane_fn1","annual_fn1","annualmethane_fn1","x_fn2","y_fn2","PC1_fn2","PC2_fn2","PC3_fn2","PC4_fn2","MeanTemp_fn2","Precip_fn2","PrecipitationSeasonality_fn2","MeanDiurnalRange_fn2","Isothermality_fn2","TempSeasonality_fn2","TempAnnualRange_fn2","mir_fn2","ndwi_fn2","ndvi_sum_fn2","ndvi_max_fn2","evi_fn2","bd_100_agg_fn2","ph0_100_fn2","OCSTHA_M_100cm_1km_ll_fn2","soc0_100_fn2","sand_100_agg_fn2","silt_100_agg_fn2","clay_100_agg_fn2","UiO_PEX_PERPROB_5.0_20181128_2000_2016_NH_fn2","base.dist_fn2","methane.dist_fn2","annual.dist_fn2","annual.methane.dist_fn2","base_fn2","methane_fn2","annual_fn2","annualmethane_fn2"
"1",-1665204.10791533,55526.8927572257,5.96634146940271,-1.85308085383492,-1.85379018952531,1.93168964040611,-16.2326200615771,168.966759000716,66.6609332675543,6.21160442952542,14.5905238504389,1425.14430069493,43.9464002348303,0.195226139837012,-0.0349455500476787,0.335181090558136,0.189460486415513,0.0933970183370783,1.17974030411605,6.8161548101404,415.265843813687,276.662120273685,43.6744799170027,35.4997487577484,21.1991068263427,0.999993032094323,1.76195755689957,2.33374725800509,3.34268712612046,3.35809160812771,1.76195755689957,2.33374725800509,3.34268712612046,3.35809160812771,493223.810101223,444640.723546264,0.571524881552851,0.55621615290273,0.663044128583351,0.851542020607852,1.85073876348221,55.9202785846642,7.6617572002488,0.480618238831338,2.55147873178434,84.5250139179554,2.63341326140416,0.0487468522678523,0.129106701914565,0.249808554801075,0.0648487155100771,0.0347140819163347,0.0971455499004391,0.167816629974725,134.68109693456,73.5882847253387,5.94941228124779,3.15476638330676,3.51599866935069,0.000174545800172294,0.586397830317803,0.548007245826497,0.701186338815301,0.709614887507748,0,0,0,0
"2",-1512349.85368677,366712.249734753,4.72482658219352,-1.57515953821562,-1.42043485870898,0.564052404150059,-15.0707703033253,198.938431923155,65.9320816896687,6.92354400435132,15.3617046686097,1484.6754790407,46.5413465239943,0.136186426341865,0.0400250715974289,0.77991884452276,0.306033622313464,0.139572716938461,1.14723525448533,6.58157626811687,444.773327308201,318.651939053358,49.5954350460665,33.0999563055514,17.6661075352096,0.997489512453865,1.50901044478805,1.94791203218632,2.20318322775859,2.21516826047193,1.50901044478805,1.94791203218632,2.20318322775859,2.21516826047193,1134072.32715696,755863.884932232,0.735997935645092,0.49848303007633,0.538453592083125,0.673584053923482,2.91148914827016,86.1734216350652,10.8655169556884,1.18377822438782,3.27632272945025,124.689138967387,3.97649070010923,0.0234086026614463,0.124631509047133,0.427044439025761,0.0999639492863766,0.0548951091458758,0.0715430994187281,0.329967851807174,117.839048599118,72.100218200988,3.72492224017008,2.33170660804008,2.87721060915429,0.0235042718466719,0.39661354766291,0.3905613874045,0.536592028874561,0.554233181015929,0,0,0,0
"3",-1087435.32377224,-476397.546451966,5.00733971093153,-3.33268884346431,-0.758502618733076,1.13741124644024,-14.56353041781,258.202276337834,49.2816383869871,5.85735504946227,16.4570257389785,1220.04634868774,38.0739005595933,0.140456608444966,0.09480782841052,0.196568092379246,0.151644141492722,0.0618153225796322,1.07712189334889,6.5860314534,550.34470257983,426.463963903359,50.8974376815988,32.8106445465185,16.6768859737396,0.998042138624891,2.28759876994057,2.9190806294448,2.7689705331746,3.21203239058476,2.28759876994057,2.9190806294448,2.7689705331746,3.21203239058476,1198924.13376111,731289.418047701,0.812009446439872,0.607008910876956,0.637631978290694,0.777005808416825,3.7313348479173,132.35617990843,15.7368500995107,0.853994839400122,5.41397806095181,129.754878990775,4.19501848585194,0.0439536712633831,0.229803252088397,0.373024360618712,0.109814400923491,0.053148484884725,0.10045435846825,0.269007934249781,136.462037775139,120.959992509067,4.60947563939843,2.96297419531519,3.57726812949893,0.0170583214034018,0.4627897421805,0.543086849209709,0.629584976815174,0.664254363000333,0,0,0,0
"4",1846187.38219932,1768026.21839082,2.22007777480545,1.35845371076268,-0.621471586596917,-2.02538425162112,-13.7298947841708,297.216938768368,70.9679400135677,11.1337559050639,17.9160359125393,1971.33862195197,62.1429471392044,0.0879930212806094,0.24024516034739,2.64268606432007,0.650983477474249,0.353025087325016,1.19059602262473,5.75903849522317,483.073839288071,334.137117510046,50.6560371638091,36.7793957123319,12.9293454723157,0.999237785621252,2.05823665005193,2.6513374602205,2.69286724009137,2.69375252353848,2.05823665005193,2.6513374602205,2.69286724009137,2.69375252353848,396976.816318683,643309.689290731,0.611876424151053,0.582776255094676,0.492232772970521,0.489059877461853,1.51848287652287,57.4827962920876,12.6837587530814,1.16108807322717,1.66113902280287,127.80997155878,3.14488127876909,0.0149100720124505,0.0660954592609744,0.407829553555034,0.0677680425652827,0.0380214242917312,0.0531420266072332,0.200754666237553,103.478575573388,59.2105910482125,3.33823417628031,2.71731066732026,2.49147260255888,0.0106789281632004,0.471972103448084,0.467994127153303,0.475773747582729,0.475674979421795,0,0,0,0
"5",-1526969.92676207,325492.413269757,4.40021407335523,-1.38861693212474,0.32657428805239,0.89744990782057,-13.2012576154825,203.74305768768,57.8260825289235,6.64886933214564,15.0876119947614,1442.00737267558,45.2373693060319,0.122690934099323,0.106947243776947,1.04207367046958,0.367555373806788,0.172232689344998,1.03829925087817,6.64506015528407,708.486423586641,476.763137216153,45.433108121921,34.7475869999855,20.1734315182815,0.996997405260554,1.4248627455339,1.58757197324667,1.59733266527076,1.61641573890564,1.4248627455339,1.58757197324667,1.59733266527076,1.61641573890564,1486211.13174046,722102.216127055,0.699744524890376,0.668473297037807,0.690882393878413,0.556089506639572,2.14799933175165,78.5719975482598,11.6066939417252,0.754935544561521,2.70148509770993,124.171963936426,4.21026906717261,0.0266878010964591,0.118182961792285,0.375595846886549,0.0890548399476723,0.0559206313441549,0.103216977522136,0.295822668076793,199.078382084921,123.601452886558,3.58264543282253,2.25912932689379,2.89483834359347,0.0270785254620696,0.337951681557697,0.361881408730811,0.358920782281114,0.387793986047924,0,0,0,0
"6",8121.40813253862,1060056.67832004,2.91088335437317,-0.474625537150651,-0.784819886857598,-0.873243517522404,-12.8819480509055,277.897769675097,59.3181627697724,8.71635636881816,16.3913130442658,1658.11294636787,53.0246636600352,0.111401822828911,0.159593044528984,1.89139380047743,0.528953299324565,0.272338719655157,1.17353623993194,6.03306785146218,499.068036164905,326.129897781029,51.8649287235006,33.8137572892475,14.6654155150002,0.99600181660358,1.55251114594959,1.63741196589637,1.68378559177464,1.68441406531421,1.55251114594959,1.63741196589637,1.68378559177464,1.68441406531421,2167437.45642421,688504.151213771,0.583351535622032,0.484465036351669,0.505179154981892,0.544906735751346,2.04388571201203,86.3673996815449,11.9096405766961,1.45170721174438,2.11513454291662,111.451414572931,3.37443701415733,0.0180852958770051,0.0882528814292105,0.40571473953126,0.0696492466031764,0.0569302540672336,0.0591307283922802,0.282898040780509,137.547609136107,64.1656665763518,2.66039074702737,2.17317576859168,2.21468184178021,0.0231441838587981,0.387044932352563,0.4259145556063,0.456528882080615,0.457378738845911,0,0,0,0
"7",249499.004565738,1092972.39690688,2.75003258531714,-0.540807754832968,0.933941814148399,0.108839690123163,-12.6750119727992,243.106536141144,49.7982239481268,7.37467782477053,15.7338041514209,1512.21516429998,47.2469025471105,0.0963294408010121,0.254551730483416,1.98751095117486,0.561232041256789,0.304093683100979,1.02755111800799,6.25972805988907,675.110086875139,428.85847734069,45.447206096149,36.540312552258,18.3720116500274,0.990900442955745,1.15516788802337,1.16759328007726,1.22560475880578,1.22877641994476,1.15516788802337,1.16759328007726,1.22560475880578,1.22877641994476,1710857.07825754,887233.989502204,0.51815784976567,0.658292102407459,0.654037745317178,0.613858278172206,2.17496547624858,79.612606762933,13.655396983532,0.98025367848943,2.06551241849092,127.64485717763,4.08302627965677,0.0183240770366337,0.0880391478944183,0.416854197984924,0.0781518683448943,0.0660304890105229,0.111775478673375,0.270879318532665,209.169384385595,72.350735222065,3.77058866541499,3.16814405227856,2.63650370558472,0.0429057313873699,0.261035926451657,0.271748762355683,0.309486126149707,0.314151144280837,0,0,0,0
"8",1845142.42423367,1543020.72355411,2.09189551262265,2.19034452972231,0.0236506967583518,-0.738237741030767,-12.2446925557624,269.441285247938,59.8154479806868,10.6700232838509,17.1537140100069,1960.5415190399,62.1525172563122,0.0753023280288722,0.184109927064324,2.99268514221696,0.711942760517366,0.363886349894555,1.23161272743975,5.86512182453717,533.402584545124,320.353525166124,40.2436950348298,43.0207806529754,17.0923946628012,0.99860772746497,1.33801830827902,1.91338483875327,1.93309756940098,1.93310764797848,1.33801830827902,1.91338483875327,1.93309756940098,1.93310764797848,650359.984623021,657934.213981042,0.454058500966286,0.580517829175537,0.463185160925927,0.485898125090481,1.41868606918917,48.8154084600539,6.49136777597007,1.21576960821428,1.52799321263266,120.51551269692,3.72616034448848,0.0108098457988583,0.0589083635217916,0.298841040801912,0.046564379336815,0.0370451177374561,0.0643372856814234,0.210146775420454,146.729223729081,49.9597888346182,3.05313524339937,2.9308988912254,3.09340767627334,0.0128964803377133,0.223692774774308,0.378462913679302,0.369346042200107,0.369339816232872,0,0,0,0
"9",1472683.37049507,-183631.194473515,2.50871825766108,-0.831248871931721,3.56020518908982,0.831391652027063,-10.2536249670296,319.717231314907,35.549847537647,6.99470088110209,15.9166057367923,1365.82572372222,44.1859555697096,0.0937141681235541,0.300225634208619,2.21073278718338,0.592521191696053,0.340079536768959,0.708501299666103,6.32059132630182,1078.11795188991,609.74384875753,39.6041704181153,39.440431783671,21.3171196188725,0.944212619644169,1.54426565985172,1.56052887144677,1.70200399975449,1.70265987039809,1.54426565985172,1.56052887144677,1.70200399975449,1.70265987039809,1379132.68003855,921149.556039802,0.605498731357661,0.503076144954041,0.792987430818714,0.57623939171921,1.52188639514112,66.0199323157912,10.2673788051663,0.599312140697769,1.50137671632182,110.763956407044,3.69000353700044,0.0145465540408731,0.0598517003312034,0.464989698359016,0.0908316525813186,0.0680328293412429,0.154339517114131,0.267447911460874,242.206227707783,109.958085929118,3.25401629400625,2.50351366134203,2.66031973602274,0.0953054762408209,0.436748790631198,0.440657340450333,0.472515412950013,0.473492390122076,0,0,0,0
"10",2333910.99193644,1619990.29617094,1.66452376479165,3.66910509915995,0.277044371754747,0.490330906311293,-9.42857521419026,301.534379160951,60.5446640302186,12.3492265485151,19.1657986332376,1984.98973273173,64.5948599772578,0.0661719609007669,0.162827811863671,3.88416310441202,0.775189208592406,0.4048215052013,1.21740044133625,6.35198308288987,572.808483778073,327.491516679631,31.3141819687896,45.8688455040771,23.1878131037531,0.972464587168168,1.41365509144866,2.13572029515114,2.13665103667947,2.13709266947976,1.41365509144866,2.13572029515114,2.13665103667947,2.13709266947976,934897.727540212,495876.029971643,0.606329415660641,0.649533110644703,0.575517556069682,0.574564175985438,1.51515378300677,45.0428343121906,7.68831306080297,1.05731724135815,1.77176433384281,176.192278050142,4.11899586988938,0.00938192858011074,0.0668073187009677,0.437403453486668,0.0363982430502336,0.0341951428337947,0.0644207738254828,0.289183895252741,193.463572448941,45.5763950221702,3.47091517762085,3.30934413420895,3.22177441530759,0.0703936650622991,0.361594914026367,0.516447616982975,0.515450815101649,0.515147163351547,0,0,0,0
"11",-1211920.2053965,1278450.80110468,1.28643107246274,-0.137364958113221,-0.302130331639255,-1.35565727989808,-9.11411331355264,337.21320120486,54.497647355257,9.43890579694792,17.9545765824965,1607.30365638797,52.5274279499521,0.0802445837263892,0.248816760719278,2.760170634996,0.635112865552653,0.313709050354656,1.20185148040842,5.54163788849756,611.118122447934,314.459606635781,51.8523013419185,33.1560419857606,15.3261382569518,0.956479928596778,1.24631196926775,1.61861831028356,1.7500633581224,1.76610100407542,1.24631196926775,1.61861831028356,1.7500633581224,1.76610100407542,2216046.98702893,878537.775773224,0.524817730567614,0.461821645431092,0.494367063709914,0.493261743458327,2.35844188204172,80.359714517174,7.46995634540534,1.14011657588178,1.81464128626912,88.1925834575669,2.77259595527562,0.0178601211601561,0.0721280703145782,0.495686897376699,0.0533115622642719,0.0596053957536462,0.0628359877338276,0.225383174338645,183.288785333409,55.0876370799931,3.08198197293576,3.07714753223153,3.58384731466456,0.0842144243858854,0.295370423539286,0.286112400153135,0.343023347039285,0.362094842983003,0,0,0,0
"12",2942257.48773053,2205171.06009402,-0.0898932858867374,2.02628837487132,-1.24292328250857,-1.48371619908899,-8.15593479107787,525.544326460837,80.6079975795305,13.1113300346394,22.1860015041157,1736.63359454193,59.0945345359954,0.0712153761376302,0.305537434447375,3.94326698440698,0.750125744119737,0.414251346085667,1.26178939438197,5.49404237063483,382.444530565629,251.070835437309,47.6415993708628,34.4386284134035,18.3038262915649,0.736154876992672,2.11956258562039,2.48539655402164,2.41801792627005,2.54160051669992,2.11956258562039,2.48539655402164,2.41801792627005,2.54160051669992,369053.226238425,497143.11300717,0.673483739969581,0.670701663254777,0.405219745488947,0.526849702041992,1.53583734830404,98.2333683340801,12.0097270244419,1.35158256406947,1.98295199542251,115.085221753683,3.10124431897528,0.0138791528496979,0.0721392167973093,0.650847281395988,0.0506716800831822,0.0333729710792179,0.0498343676907619,0.232363913745785,93.723686463175,35.6330724787316,3.07839993298803,1.92413587080039,2.9096744602235,0.303598652745984,0.393378612257595,0.385821368244637,0.383904271017622,0.403307191865903,0,0,0,0
"13",-104288.427933035,1560938.9131812,1.3103457858912,0.795100904835987,2.65175740978589,0.783654176773414,-8.25195090637324,304.031444343619,52.1070914456534,8.73304843657072,18.5025914271634,1448.14701287189,47.4198065380886,0.0797707240634185,0.29690512857656,3.02507567578631,0.698559492473363,0.407082968907303,0.942849773182571,5.76446501401997,845.222614524179,519.877282526665,34.4380730448571,45.5674139328818,20.347880879024,0.847337299387123,1.01429307737296,1.17940669388323,1.22408223227002,1.23026438740544,1.01429307737296,1.17940669388323,1.22408223227002,1.23026438740544,1548145.38622003,1123506.96991452,0.765217676160584,0.598491121996152,0.798209854127627,0.646952046287433,2.5807814911508,117.166831597898,14.7120410041887,0.913643056053966,2.04551652977356,128.448439238423,3.7881419061191,0.0163674598990874,0.0563574602591235,0.502509881878848,0.0495506306183117,0.0498084572826021,0.119331275447119,0.250083710343271,198.053362727716,80.8687025767176,4.47992267770011,5.15459030459603,3.75838207816225,0.200731539250819,0.324612559661845,0.377149757732607,0.371749468966156,0.376544016011288,0,0,0,0
"14",-1107575.9253612,-816243.006538203,2.7945252353053,-4.28852429039522,-0.585675728900641,1.20914215675457,-8.29992777497811,476.296325515184,35.0400525150664,5.63646705200545,19.0186954685339,934.792038120005,31.1507205294088,0.115383733158926,0.142908950084469,0.536350779919868,0.238554872992255,0.101475162738853,1.05003279786294,6.25522266469964,527.58785121599,370.244006554285,53.8875765188899,30.9605753653772,15.510389962103,0.862185698843969,1.71348590969483,3.41404525909532,1.77619739997476,3.46284155408852,1.71348590969483,3.41404525909532,1.77619739997476,3.46284155408852,1472568.61061249,1343667.27929919,0.895124577006112,1.00910140118127,0.687491926071424,0.81694508843318,2.71172709138976,178.624797880253,9.26392906178665,1.24956630497923,5.51184538988052,192.216862840307,5.96646258710908,0.0340866587254356,0.189909216376239,0.682873068084088,0.161686395476859,0.0855120935017843,0.124453915341261,0.346017032353865,123.709205868291,99.2729180836353,4.85581479378026,3.89333827965367,3.12780265573128,0.192946427368434,0.477321528296638,0.886073935441247,0.493531719252373,0.92232896413154,0,0,0,0
"15",-525215.140625547,1512689.08388145,0.586865716797153,1.13775069168356,0.777335823493874,-0.149405914421151,-7.59745306397116,346.771741471002,51.3961845356995,10.5842950216332,20.2254666651241,1570.54111095897,52.475825375152,0.0712357785943628,0.294791265846504,3.52558293988396,0.720634669894043,0.392436755465543,1.13261894298152,5.7395716263539,654.122873367353,362.858608514713,41.2123263706644,40.7013080313043,18.4525983240717,0.831373456238379,1.16817312644453,1.35096543441475,1.36345504174348,1.37726636769743,1.16817312644453,1.35096543441475,1.36345504174348,1.37726636769743,2080718.41326941,843821.731640644,0.596766054493921,0.593580414564962,0.556500761413923,0.509599654275696,2.15436799087334,103.414272806814,11.6578774104831,1.03488782070241,2.0296327073411,108.338871811037,3.82980401953823,0.0145374817828413,0.0637047406301227,0.584956207845783,0.0621168122380273,0.0554448291005768,0.0635775805527112,0.304556503100839,243.921395260647,48.9231526036775,3.76688380186591,4.38803352347999,3.88785731441424,0.203221129335624,0.226007898034073,0.282553657705646,0.272300750771875,0.278769142179946,0,0,0,0
"16",-1750616.25384478,35384.3522877282,0.857588625786952,-2.4861818934959,0.182009390462137,0.0602199499694036,-5.76076644814556,486.878247202254,41.7403846653318,6.30586865478129,16.5424831099204,1184.38606490118,38.9658848934126,0.103050800982799,0.199726168055162,2.25224887171008,0.569662209331623,0.299296781716712,1.08306575939645,5.57082559083512,511.3652187405,344.298017302891,52.6630646842005,33.5719609370081,14.0958164133214,0.5631738389365,1.52381739179429,1.8346237937462,1.71030024310819,1.85679442966261,1.52381739179429,1.8346237937462,1.71030024310819,1.85679442966261,1998167.84750509,1860497.87124672,0.850477776761112,0.572041785143449,0.597145417009559,0.7981788447321,1.51381539800743,106.73205589284,8.10568055458074,1.39840533194667,4.26548666562097,141.953489446316,4.10588720670892,0.0203691198978064,0.0820554852262601,0.482169417471087,0.080868687412983,0.0669745082376073,0.0938474009541999,0.347851527342845,151.135875517605,59.1200248215664,3.49124869826894,3.07051435773502,2.80929679781604,0.259510711679851,0.272689356537254,0.369992223672333,0.292667742965906,0.386617654826864,0,0,0,0
"17",-1678591.01510964,1649030.99095719,0.947639797009683,-0.78893206956256,-1.33175326167072,0.266839552370148,-5.68458228433481,413.177447884755,55.6094267290173,10.2115102901931,22.3330649703924,1325.02998482372,46.0990508418439,0.103038816500458,0.105612011795805,2.47927451499689,0.543158885672767,0.271435011853034,1.196381419774,5.96030075930195,443.692374725596,264.785746642902,50.3833049274053,33.2351161709235,16.7309281348273,0.627526642697937,1.68648973978742,1.95547657725529,1.93455144014693,2.01806589684832,1.68648973978742,1.95547657725529,1.93455144014693,2.01806589684832,2063628.1390016,584894.847117548,0.799349977123556,0.764120085763094,0.633348946549519,0.571379949998983,2.47312491675776,109.319478063974,13.5359245260871,1.09053014433415,2.8681267424529,169.864839504036,4.94812298910264,0.0242863084672442,0.102397628480362,0.97673082094797,0.102921012860438,0.0753337889091787,0.0543909152815851,0.331678055840396,176.703986225003,53.3326274391333,3.3903669941867,3.65028338587525,3.98730638782548,0.313250031056912,0.28222906737346,0.316475641352335,0.244518870459625,0.335104472899359,0,0,0,0
"18",3494207.81266847,1848956.09900289,-0.0867418250617804,3.35698390962099,-1.97642453127317,0.154779602335986,-5.56890663034832,411.36715163286,97.4641483283263,14.6424078846587,24.9387573767563,1669.16182863159,58.934086509845,0.0687209773788841,0.131507959519043,4.94600704860485,0.788283414934367,0.447157952854287,1.31179337468952,6.21941399359175,348.735294039667,237.320893067123,41.8109511435004,36.0685295083276,22.5097464796613,0.617448957598087,2.0829999745267,2.60321725312241,2.46855013810788,2.60347406577253,2.0829999745267,2.60321725312241,2.46855013810788,2.60347406577253,503053.384304185,325405.366438298,0.614835406070166,0.58109979911878,0.612375583089868,0.774924115546705,2.07983948893051,65.0306723090594,17.076879739142,1.39172256669503,2.69603887986621,171.400311008849,3.94219758790837,0.0142434644116388,0.103687853696667,0.627407760601378,0.0526969831719527,0.0526534698784867,0.0391112792187259,0.384164737925112,73.4124710493221,30.3004816578651,3.14081985152435,2.49320412860486,2.84387948074646,0.371483601245383,0.38449709460148,0.466289375280904,0.447406802463521,0.466068253629253,0,0,0,0
"19",2690525.42821852,-699166.085796035,0.549721308186448,-0.744097915304793,5.08936609383016,-1.10072652602512,-5.53525306143273,495.554181712891,40.4970623569944,8.97315778017862,18.0268889122469,1444.85374996295,49.7678252513485,0.0668464721274557,0.379343900744822,3.48415850777262,0.697461404091003,0.391495027650012,0.428519863402314,5.22586708076684,1199.11923654389,764.92323576114,44.9667898380252,36.9640215858125,18.4301016220381,0.499901699384786,2.08238862310341,2.36600157006169,2.29545538328299,2.40753055424139,2.08238862310341,2.36600157006169,2.29545538328299,2.40753055424139,269102.966924805,240585.958277083,0.778924877011731,0.519552791775492,0.491651420517379,0.518765240229523,1.74849037084218,47.4615238977261,3.57635313359157,0.678655648412733,1.16282943749832,54.9112459103102,1.65219220347805,0.0126156367914301,0.063757810801592,0.475342881005684,0.0511394356768547,0.0481706748331075,0.136135687630454,0.21574731021605,193.685341185437,103.344673924587,3.79624633844513,2.62792209455287,2.24524725715891,0.212515374999513,0.360695068886276,0.382011492884434,0.395200823655029,0.379774351531967,0,0,0,0
"20",994095.030713581,1164788.95036206,-0.496910540464086,2.35064364002063,-0.0464990463261979,0.801673664796619,-4.82103973871657,405.803664506997,54.1501314867886,12.0595708361946,21.8038780700954,1600.11001188834,55.4419160126666,0.0554289790200133,0.27717245747092,4.75561107267693,0.772614722218015,0.399029727556956,1.22019553752204,6.1180163984352,568.799841940916,271.039608888717,36.2226241462968,39.0346262560246,25.1156978918108,0.314384155255096,1.37775750838879,1.62416072089634,1.56305346877345,1.62591016824721,1.37775750838879,1.62416072089634,1.56305346877345,1.62591016824721,2927840.52014272,703145.216044374,0.553106783724311,0.653379852403724,0.54661586559748,0.536775928241945,1.90300450088426,72.9440298926072,10.9921936414293,1.08768319708108,1.85197800071707,126.312393870979,4.12431448088509,0.00934795703415645,0.0835278390395916,0.576077642775691,0.057895171562813,0.052452989803705,0.0634089587894596,0.287313943305191,255.650611282965,53.0892580712664,3.90160690085442,6.56781599138496,6.23533428899927,0.291786644838918,0.31186525391054,0.256985853374324,0.273520856426384,0.256887102884898,0,0,0,0
"21",-1955525.96946127,493425.70324606,-0.549123133817956,-0.178094595632716,1.61569598683123,-1.04284267206167,-4.67590551385225,515.333068966101,46.8203074464332,10.1381026755539,20.5026831502282,1435.45097757671,49.4670561866257,0.0659902556924492,0.354421387144368,3.78291430844518,0.691600833912332,0.373537588299122,1.07887516589235,5.2459645498692,1352.96469091435,363.372253196324,48.4958929253822,32.3403604089925,19.5240874548125,0.382246312604807,1.12481998864464,1.2056673509106,1.49576891806105,1.83534703663568,1.12481998864464,1.2056673509106,1.49576891806105,1.83534703663568,2717893.09722006,1342069.86907172,0.658705635722289,0.508346265458472,0.666561795096019,0.630217236115152,2.18495736492717,81.6437720966608,6.74993491853459,1.07559563859707,1.72399713279672,78.3550488260655,3.14258891628135,0.0117064895905588,0.0602283330390696,0.594625855971381,0.051488872274457,0.0629300774132402,0.143695718538243,0.223088722648385,610.23468815459,95.3124750551068,4.02730945318213,4.34425568483558,4.03031339334527,0.270029535484781,0.348288480790052,0.35943103800166,0.323654486453821,0.350352864173791,0,0,0,0
"22",-1266665.18216117,1638605.44276532,-0.545675723822989,0.314843933173189,-0.728711261410382,-0.31215463596318,-4.86567343552667,436.398328958941,57.728011348765,11.070712265911,22.7043527183409,1404.91715819759,48.9121752653459,0.0683663553867411,0.285250420410932,3.90931528513634,0.700516668253614,0.354099393436686,1.20095414838745,5.76771325354214,496.740012513775,260.304320104824,49.0596315207452,33.7804707088224,17.512100710274,0.415759751382044,1.27280570400435,1.80284194833129,1.59381396276137,1.87452298966074,1.27280570400435,1.80284194833129,1.59381396276137,1.87452298966074,2507877.07761331,839052.861163759,0.559391685376203,0.592877398427597,0.530724042664496,0.571090043427684,1.69625127471822,98.6104754949814,10.9910623314946,1.05915560307606,2.24669227746415,126.179562994304,3.69823290695686,0.0148782219621381,0.0849310552456613,0.69983277366844,0.059028238456789,0.0670416819765115,0.0641895786942899,0.362825270530764,216.148755623211,49.5648450310789,3.22815789473605,5.00598047189312,4.87397624927486,0.293676972685139,0.209705350716872,0.230256235655783,0.167832209412449,0.26656338011475,0,0,0,0
"23",446165.885817443,1355802.66456935,0.0688602317663092,-1.0252857661923,1.8353302289542,1.07250089690385,-4.76023463020906,450.816621778465,44.8774992402534,7.40752448399569,19.6105230693288,1119.42947138023,37.9107743105003,0.0850719178882633,0.292667896181523,2.96688460429558,0.665884600649695,0.406287267192189,1.04691162153786,5.68795654581583,778.856071802963,445.74429410509,41.7174819585088,42.7776040204381,15.8508421550286,0.509599435222888,1.45110766202936,1.57384317278562,1.58547381865517,1.61019668082686,1.45110766202936,1.57384317278562,1.58547381865517,1.61019668082686,1376158.00884159,1944238.56399622,0.732416970361678,0.668301264298739,0.768542945063272,0.638636356802924,2.49039137511611,97.8565734452998,14.276257920544,0.97457689335627,1.92178594670788,122.292368304951,4.12856580509793,0.0159413156899284,0.0564203601194493,0.611205135123655,0.0853790840566852,0.0703314401182301,0.0912080248491739,0.2635228607056,234.806755844393,87.1009834540182,4.28666432232839,4.58947328812204,2.43676152725361,0.222161345678916,0.37519202415685,0.354850430177925,0.341248167037432,0.358060226738623,0,0,0,0
"24",-3531900.59418682,-1109828.16898886,-1.46704686422524,-1.81256423058041,-1.04337581623948,-1.6276973856651,-4.0111236912177,719.961582234312,41.1861712129636,9.52045929422667,20.4884779807055,1314.86020708233,46.4435169595977,0.0616843102121888,0.292897347016027,3.49785816884103,0.661024368542583,0.308489409603033,1.17620337981996,5.15124435614011,410.154483793426,209.295883547823,60.1330545150734,28.3554792657109,11.8224791340645,0.11122965822078,1.4638640287994,1.69202470304304,1.60197739210318,1.75126120328089,1.4638640287994,1.69202470304304,1.60197739210318,1.75126120328089,1109281.45434933,851718.696772276,0.542712839774932,0.476677086360911,0.548164821752263,0.532427939046173,1.51471679220512,112.082941530872,7.04942081092036,1.1540312439496,2.30412814262897,63.9021093451946,2.12621217554176,0.0138196809528029,0.0812836026855663,0.504717867179608,0.0374355837069013,0.0509067173329574,0.0557339396933875,0.145704604897942,117.318935211069,53.3268137007831,4.05895271011659,3.08902257723817,2.3402924277209,0.113705264647672,0.342969165518453,0.376210853782222,0.326381737237513,0.382701168723484,0,0,0,0
"25",2981174.03053873,1551521.82727707,-1.74984279679054,2.7162684949812,-0.920534818864527,0.797637094711463,-3.07846293495851,467.883447362648,73.396979792876,12.9303109966367,24.2292799396946,1493.12033599597,53.4724743432151,0.0507376677736105,0.301104457179791,6.03371609741678,0.823747673658721,0.463106293608007,1.26088086469827,6.01824207056891,374.678007936873,212.749736203536,38.4361915334406,37.3729004008608,24.5750239326598,0.051237356064191,1.69869494327773,2.1046178388048,2.07065806476537,2.10726632466349,1.69869494327773,2.1046178388048,2.07065806476537,2.10726632466349,1921258.84221245,959686.890088478,0.535844850899976,0.519410922959542,0.505215991263584,0.64682093402156,1.49541584855953,115.999088500045,20.1837340820789,1.2938630201198,2.33554339113693,127.458122268288,3.80689698728805,0.00801953495274167,0.102146107654238,0.659557295501209,0.0347901120989764,0.0568715775114417,0.0401152189232133,0.278300707407827,106.702842905517,35.0618279194665,3.38973356059516,3.21876943105832,4.17128331891898,0.124734341981266,0.421442077206714,0.442043117074138,0.427122371258538,0.443053663445781,0,0,0,0
"26",2536765.89357449,-752567.967242306,-1.16007469590628,0.170222001463659,3.36364678415932,-0.444648837518107,-3.03986804571251,545.980497630753,40.8352914217877,9.88341654903442,20.1238547178604,1390.61701940204,49.113375792282,0.0573556366402111,0.425739589296312,4.57362218986722,0.764506443712826,0.444055081946701,0.794108269577634,5.29218346717234,1226.201060461,484.542995986461,42.4972770495027,38.3734401611764,19.5024064338028,0.14345125974863,1.19264950250725,1.5554439742255,1.49407547292789,2.04984289026745,1.19264950250725,1.5554439742255,1.49407547292789,2.04984289026745,1594065.07940904,566026.002504154,0.562615020083589,0.470193146043636,0.690328804308129,0.599407107042463,1.84735191621884,39.6956550222246,5.7563088031345,0.885880209871607,1.28266125947631,101.453920440037,3.10788679185255,0.00622187975245837,0.07949888499892,0.559096912410244,0.0383649600380098,0.0366825012437558,0.176883282820671,0.153925082550492,237.56726186159,92.3723988403955,3.66424224068907,3.21600617497784,3.08641466645691,0.134177279887448,0.254411694470781,0.35291813573151,0.308028365398644,0.348472993173629,0,0,0,0
"27",1588550.20211942,691093.759568996,-2.19536761233184,0.95984287410211,0.25093061165783,-0.124348650360435,-2.8523266599557,597.875925230361,48.1875947521205,11.0200334019502,22.1087611379737,1401.25300578773,49.9000690150567,0.0492484551616695,0.412298046431399,5.48435348628939,0.797868050351679,0.431183614885887,1.18481876348225,5.44729385376347,575.602522327737,250.981743231482,43.5191085716214,36.3177329342971,20.5337584549249,0.0419614898547877,1.44890257324567,1.85398421464053,1.66992206855916,2.03143680548712,1.44890257324567,1.85398421464053,1.66992206855916,2.03143680548712,2905871.3475294,1655593.64836346,0.584969134098389,0.572273367084393,0.650876910668708,0.580574492955769,2.00401490900659,112.870907301467,12.3811292368303,1.05323919893449,1.80947710238316,103.986246182996,3.22328065793208,0.00810781590356398,0.0814996998747642,0.891519964425474,0.0532428806863343,0.0579584068680676,0.0825862186716494,0.231046055310219,293.306645161745,53.5939157151832,3.29778583272092,4.13656850187152,3.77886965624532,0.0729562589919592,0.344686339225286,0.43783037945266,0.376698169859845,0.409110135264115,0,0,0,0
"28",1248279.53411769,294171.196132692,-1.48630304167309,0.90647910646264,1.75366216482143,0.535132300174398,-2.49588545316002,508.045851584368,47.6727167473837,10.064227598647,21.221981050309,1353.46419030195,47.5258710595454,0.0557590212132653,0.397657616818341,4.93262114749852,0.784319904300304,0.442942062535507,1.05839355290831,5.52101677501534,833.508111183176,356.73698415889,38.1463613481887,42.1926327546709,20.0329596266132,0.130040637322155,0.995125556858439,1.2510413902389,1.14957008351365,1.35071877247382,0.995125556858439,1.2510413902389,1.14957008351365,1.35071877247382,2515208.45359062,1576883.12396665,0.566394036733616,0.494751045463158,0.553679829178526,0.597402068648549,1.85096037574377,90.4437334864513,11.1800354781221,0.955311647603128,1.67207723458485,104.277539720877,3.93766574962482,0.00958058173834941,0.0720417632591654,0.66145708279231,0.0435513832731124,0.0393065354604422,0.0963219124855969,0.234797324674295,349.590843205452,60.6406589670442,3.7359181810571,6.13248578498185,5.95155371768263,0.16697268147678,0.187457420971,0.175394909567288,0.16506781049393,0.197706541690876,0,0,0,0
"29",-3942019.55406432,-1675927.41089454,-3.17480181329456,-2.18546843244174,-1.24178685525348,-1.85742018179765,-1.86974041116158,995.811215980167,27.3601805358518,10.3005129917607,23.0927412715135,1211.11104355632,44.5798467484779,0.0489627873356545,0.408495117094822,4.80938282586613,0.729347456715124,0.333942368539384,1.21187272510046,5.22438698870559,357.879884549112,170.83071415728,63.588395675521,27.5840631370571,9.15078226009879,0.0061943979664706,1.31432440084158,1.41215358578147,1.38504820914629,1.60391772294439,1.31432440084158,1.41215358578147,1.38504820914629,1.60391772294439,380918.150995599,362820.089313324,0.530386178799167,0.529328044171482,0.343964221976534,0.373812835075757,1.15233452950912,100.54685078762,7.31558695676535,0.950370895721904,0.918675733246734,86.0095882898928,3.12826384403385,0.00824764863327003,0.0713461439653155,0.663003116718789,0.0337412529944512,0.038398197245205,0.034517453661387,0.0870299731653479,69.7604673035072,28.738780202136,2.336046703391,1.61237871795903,1.46524795145579,0.00987473316960657,0.29070363671924,0.309400585155974,0.325978341905223,0.314335328179028,0,0,0,0
"30",1043523.54846385,756719.189799749,-2.04906235406394,-0.981186885558318,1.08732309678874,0.608602835582723,-1.5856147218728,571.195278811167,38.8708521522379,8.21448709326959,21.7019933160816,1075.10465305152,38.1518464136601,0.0623727987763564,0.349228597058861,4.23326949472258,0.771193479032877,0.473920894833983,1.15706691203446,5.42045891972164,645.532997996736,351.414166025115,46.3519426749394,40.0273986365256,13.9795944136963,0.0581839041283873,1.41136396529711,1.51400551497873,1.56772829309994,1.66912242874124,1.41136396529711,1.51400551497873,1.56772829309994,1.66912242874124,1513729.79028918,2494714.33596362,0.568761196422699,0.628985095993349,0.632857368115166,0.559887309990661,1.93060209224401,87.9074049261141,10.6099712998871,0.938612535657005,2.24730951004497,121.303342280953,4.59730736975975,0.0150162192531449,0.0762353702685835,0.753373572539853,0.0605963961819399,0.0715641776599688,0.0734930078889411,0.147805474254429,233.898284528735,70.7597391595606,3.36492139432859,3.42416268455345,2.5361439399818,0.092179205408736,0.223750177522719,0.215340740174154,0.222214080401894,0.218150512164205,0,0,0,0
"31",-1022177.22888278,-1120937.71447818,-1.00643025419238,-5.55455346752233,-1.14559118790972,1.81442401182793,-1.31972108896408,926.370272087459,27.6215771144368,5.62982506366721,32.0167062378591,579.0696802053,21.3579426570366,0.102511291798825,0.171996825124159,1.16896240190091,0.353431215560804,0.172804988096557,1.15083166244905,5.93475068569299,454.316995703486,368.152637269924,58.8194159242704,30.4865063386684,11.0243876971986,0.206539031040274,2.75350274630405,4.00340312904105,3.51974620410716,4.4168277688195,2.75350274630405,4.00340312904105,3.51974620410716,4.4168277688195,1258022.59309892,2051183.18206705,1.16677793156832,1.24768480678839,0.848741307700679,1.65066591525109,2.80215011125061,441.671623504519,12.4299092096273,1.80637390830199,16.3436047357116,171.236060107928,6.31321596944071,0.0281022407346931,0.137495792419597,1.06116019031108,0.193896113906499,0.116965868835442,0.107736580461938,0.35136521581686,141.369927792308,134.743177467208,6.5034680071033,4.194476859531,5.80610206310527,0.294974087353537,1.07469863612411,1.30839798800184,1.32298976702094,1.49718398981206,0,0,0,0
"32",-3034072.32081479,1350086.17263632,-1.98572453797019,0.661093140708659,-1.80540684722276,0.518845871961743,-0.738634772221011,469.379797413871,58.9707296753259,11.5686542015125,24.8250554123468,1283.84473140658,46.7676882692629,0.0533028094128528,0.290553206590534,5.40430357348308,0.748880944271194,0.374705550861904,1.29290271452919,6.13175763361825,376.849504160641,145.513889606442,49.2307712928516,29.2422978040742,21.8787382289238,0.0433890976175132,1.30370506154338,2.31922996638926,1.97001147892454,2.42834203850714,1.30370506154338,2.31922996638926,1.97001147892454,2.42834203850714,1782065.72191389,535457.583951896,0.633833609914725,0.599092755366836,0.488731324627932,0.552713354083218,1.4359994362244,80.3195152166225,10.1392932339204,0.764472583503171,2.19149628261542,101.356516496718,2.75681246560784,0.012089198543003,0.105370419974957,0.871184280780799,0.0672516055905438,0.0732230301090322,0.0529672591740819,0.289200840808672,178.576874059516,32.6753593477124,4.41456304421613,3.59237869893835,4.98056193281501,0.0969712791571139,0.202282063023218,0.343157259488923,0.322555739956293,0.398222529214861,0,0,0,0
"33",531635.393247824,-1328047.16497099,-2.27188602366589,-2.58990595528762,0.109903011616142,-0.132654896566746,-0.649144646217445,602.281116213765,33.5993597051808,7.8770097723563,23.0461664020099,937.174857146553,34.2666953529034,0.0636793417177249,0.334516305137628,3.90197314880737,0.718080303545257,0.386486251873207,1.20803635107207,5.36113165362009,498.164260775772,359.135351280025,57.3225278966014,33.9377094434539,9.09419493157024,0.0485158226382756,0.957116709826553,1.13903960067731,1.07321581063402,1.25184907257825,0.957116709826553,1.13903960067731,1.07321581063402,1.25184907257825,1612627.55521449,2033812.11653385,0.647872526776762,0.553786344108928,0.670502898162463,0.649993373101447,1.89114236349469,147.91642679005,7.75731824080306,1.18366956677815,2.637791246022,100.003947785838,3.5449750431519,0.0198260054648706,0.0739757198319495,0.977452335877411,0.0720613685547919,0.0675374592604414,0.0578620722758875,0.175494215181189,157.972662432821,90.1004420237296,3.45627010724046,2.93700923312464,2.96251817620638,0.0707290758392285,0.285278981503049,0.346386069668829,0.374376589542779,0.415765688565777,0,0,0,0
"34",-3773006.99401115,-39299.7935374455,-3.29397756211381,-0.427564263130662,-1.13724877938359,-1.13080811687451,-0.393686364100677,759.173739029714,38.8185428749185,11.611853490986,24.3723785923901,1288.50037743886,47.6962077552651,0.0466679186032453,0.412078987726014,5.92474630053819,0.780941385758925,0.398576001810924,1.22798432506256,5.34026821915859,403.115640983549,161.420104748368,56.2577969022395,28.1420982576227,15.9409248092218,0.0109531151146038,1.36738311653881,1.87610961116487,1.87291076350889,2.2048758993185,1.36738311653881,1.87610961116487,1.87291076350889,2.2048758993185,1921038.8561712,1124890.35421424,0.653373089158516,0.43285441869128,0.462285477297267,0.468416972794217,1.51272054650987,145.514984506802,9.62042240430117,0.832895624697562,1.75779896121302,75.366555569259,2.29428084470707,0.00857102521648143,0.073763648328713,0.743663977760051,0.0462146849855557,0.0659000421910828,0.043440759149526,0.224030894245536,190.216425736407,32.1380173875607,3.27130322743176,2.78389495932545,2.85078374676113,0.031380405861686,0.169718867463212,0.27390949744378,0.292153816192788,0.297782263485221,0,0,0,0
"35",2662787.22070717,-381465.990136804,-1.93483790171386,2.23940372544487,0.214565181028098,2.39387152328886,-0.168309697138839,470.926081901302,50.8848396843876,10.6239239263802,22.4332202401334,1332.88210155589,47.331313522049,0.0524570438366898,0.256308145930484,5.74687379359906,0.827196884807255,0.51459899971064,1.24269216784268,6.05055688058127,473.08394076854,242.496060807123,30.4652778669536,40.1630634141398,29.7437457993772,0.0193770235594238,1.6362979222847,1.76502230888181,1.75804067503666,1.79146283723281,1.6362979222847,1.76502230888181,1.75804067503666,1.79146283723281,2310014.75703902,963431.790972846,0.531449905958494,0.488331960752476,0.570924194768113,0.669635792173563,1.24646940925625,45.0068391637332,7.61705757175674,0.930481137197021,1.32121028886803,71.2035443850861,2.64749856917345,0.0090067657705204,0.109206025215743,0.787996611059141,0.0700802187066315,0.0787254193858122,0.070596316907367,0.242419960934044,205.183437267046,46.3662083695355,3.70181880586831,4.61966027888792,5.29146450552711,0.0604441947298267,0.345341331888068,0.323677618839605,0.340578979696731,0.3215394250459,0,0,0,0
"36",-2004087.68096758,1131241.10072288,-1.26401036258861,1.72341371611971,-1.84409150714496,2.47240817861049,0.372137472174148,444.69850746581,63.3136595685415,11.9033040153766,25.5244549649955,1291.26125230784,46.7737766331227,0.0713885835492156,0.0958317251169582,4.69038495401386,0.752548037966009,0.465266583278604,1.33946067416173,6.67731403099603,366.190037180494,171.710795488215,38.9358776884754,33.5905788097164,27.8452043257467,0.0687313850879586,1.66144158431491,2.03558689494759,1.97712298186621,2.03819090004948,1.66144158431491,2.03558689494759,1.97712298186621,2.03819090004948,3144022.63218041,888761.281366112,0.735247785630396,0.63935489845113,0.721163869249149,0.717044754702038,1.50926784481526,58.9889556493211,19.0527307583703,1.23773402652034,2.72459870911367,114.064318749377,3.47434279006446,0.0181178825760275,0.111714215907031,0.869761496903091,0.087273589394747,0.0946653147888017,0.0496475893113015,0.366574728437679,192.610879495076,36.3905119651788,5.16873409428432,4.08805216703073,5.06889594430289,0.132356485415916,0.493614278649952,0.574863099955973,0.533762419123107,0.577098495920967,0,0,0,0
"37",1453843.17439691,-846564.760852342,-3.32090975863913,-0.725585767774254,-0.271768807778554,0.778742722294064,0.977843756491365,639.990178596752,34.344760355306,8.70174961827725,23.1789229746666,1034.55183197387,37.8086233136758,0.0494824442188853,0.364714729475254,5.74793952292976,0.820210177715116,0.493422338731793,1.28712170189235,5.51933246357124,367.069973871976,203.026732930465,48.2477053696269,36.8069582644431,15.3020439304619,0.0099087879367393,1.30834739457129,1.39937437512597,1.44396989839837,1.52090411804943,1.30834739457129,1.39937437512597,1.44396989839837,1.52090411804943,1764174.54841781,2433187.28420047,0.501536004159051,0.599249405738373,0.485171632645551,0.496939397117794,2.13232188361348,91.0130682106424,5.72777844902509,1.00581384620438,3.10134730714547,102.949167756589,3.54952826256806,0.0117405589914499,0.0844278977512086,1.06887992823378,0.0585667667420148,0.0797264914420989,0.0739330629332902,0.168893454467668,119.070677569168,63.5644201446523,3.22058769684163,2.98397261857522,2.82591129774289,0.0397776331853265,0.286198929124007,0.31297095366742,0.297915227663826,0.309705412794152,0,0,0,0
"38",1932718.6315826,-1187528.20544388,-3.05761768208202,0.680803115285351,-0.481548810749177,1.94354650925701,1.54337861302613,582.101721523382,41.8222237290515,9.42361928767475,23.4055399151872,1120.54376135931,40.2883462964091,0.0530791903167495,0.275663572550844,6.09779327241999,0.843841713138919,0.542572783722253,1.31140367772749,5.76225305954787,281.785466181637,166.030163526006,39.1980386482209,39.4058039597616,21.7662481065848,0.00478493237469136,2.09392197529053,2.3501288509643,2.34608330973859,2.39177386759359,2.09392197529053,2.3501288509643,2.34608330973859,2.39177386759359,2186432.0053586,1883897.0099416,0.470449725594968,0.622833259227896,0.493080893225727,0.614222836987464,1.49671035011244,72.7754635811373,11.6811924813399,1.27927063357454,2.80321088431914,86.4631602971047,2.86390530153051,0.011032154775066,0.100173059795725,0.697294015531049,0.0385068454405406,0.0612873853431475,0.0521417702200714,0.206658985506173,96.3536098950715,46.3609277504047,3.57074707538218,3.14506066486724,3.19644094941863,0.0270190303871523,0.281508520176543,0.340049653395364,0.333772253449497,0.324203731853469,0,0,0,0
"39",-735783.314109215,-2049633.78795468,-4.08837189811423,-2.49473946044305,-0.20238381748747,-0.0913735382595969,2.52739071578429,896.449807121119,26.1090684366782,8.28415153727746,25.2898860839146,876.935375016686,32.9500984502686,0.0503486911308253,0.410735446118144,5.7941568599476,0.779157826699357,0.42841655569529,1.26420989794888,5.196111472723,404.473780257718,289.516838593275,57.0866533637649,32.7028141736575,10.5528351627974,0.000715492735818548,0.77179139324694,0.991369887899646,0.990910364834859,1.27678157443885,0.77179139324694,0.991369887899646,0.990910364834859,1.27678157443885,2426097.09740893,1891319.68406173,0.679713455055058,0.57065942009087,0.458222337727184,0.569140648546318,1.62719337394183,302.084166730025,8.90557227861889,0.859900890114655,2.65559376938731,102.180787027989,3.52697402049178,0.0106894544351156,0.0716884945420816,1.04059618959791,0.0501261240149238,0.0661653146167778,0.0574564940809857,0.204178259460704,96.2792740004191,74.1008819795015,2.84644050980638,2.84570088613431,2.56872278920833,0.00448283565477273,0.217368365646653,0.253920063917339,0.365128906133908,0.41536885049511,0,0,0,0
"40",-706743.171662588,618962.125519568,-4.10366164696737,-4.56425077650097,0.216026855809628,1.15708577118512,2.9443072911426,1402.78366991545,29.2370656315496,5.5852338777451,27.751195347209,551.286460991167,20.4747017313912,0.0746060723011689,0.306869707905165,4.10433184374757,0.695915129137367,0.430423940663781,1.11913915791629,5.45941120997101,464.864109182356,353.314812656272,57.3201990365364,33.4655204358269,9.55337563794759,0.00624150860413465,2.01524275846037,2.61505669954695,2.76930360258003,3.13044065609044,2.01524275846037,2.61505669954695,2.76930360258003,3.13044065609044,1373521.07609976,3121157.83998629,1.12845697942077,0.864566909036227,0.735002551613506,0.853297941099617,1.69756707973392,644.93515250747,6.80142759424229,1.18725706840332,5.40495781417913,117.74045472625,4.14437803255261,0.017184645993153,0.0820101340471013,1.37076780164269,0.116819739532773,0.105767048441152,0.109612564764409,0.239991219683164,111.038660114196,62.2339900676392,3.4714820446754,2.50216822538196,2.60405395483474,0.043548155488864,0.620429084137928,0.773307603249502,0.82092734872714,0.84700766620658,0,0,0,0
